experiment,run_id,sys_os,sys_cpu,sys_cores,sys_ram_gb,sys_python,n_actions,n_events,n_facts,n_playbooks,n_plans_per_playbook,n_branches_per_plan,n_stmts_per_branch,n_roles,n_phases,n_subplot_breadth,n_subplot_depth,seed,input_loc,input_bytes,output_files,output_loc_total,output_loc_per_file,loc_ratio,compile_time_s,io_time_s,peak_ram_mb,success,warning_count,error_count
interaction_roles_playbooks,0,Linux 7.1.9-arch1-2,x86_64,24,30.45,3.14.7,10,10,5,1,2,1,2,1,2,0,0,42,96,1782,3,192,"{""playbook_playbook0.asl"": 26, ""director_mainplot.asl"": 132, ""role_mainplot_role0.asl"": 34}",2.0,0.002907440000853967,6.494999979622662e-05,0.09146308898925781,True,16,0
interaction_roles_playbooks,1,Linux 7.1.9-arch1-2,x86_64,24,30.45,3.14.7,10,10,5,1,2,1,2,1,2,0,0,42,96,1782,3,192,"{""playbook_playbook0.asl"": 26, ""director_mainplot.asl"": 132, ""role_mainplot_role0.asl"": 34}",2.0,0.0028268499991099816,6.701999882352538e-05,0.09135627746582031,True,16,0
interaction_roles_playbooks,2,Linux 7.1.9-arch1-2,x86_64,24,30.45,3.14.7,10,10,5,1,2,1,2,1,2,0,0,42,96,1782,3,192,"{""playbook_playbook0.asl"": 26, ""director_mainplot.asl"": 132, ""role_mainplot_role0.asl"": 34}",2.0,0.0028107600010116585,6.335999933071434e-05,0.09135627746582031,True,16,0
interaction_roles_playbooks,3,Linux 7.1.9-arch1-2,x86_64,24,30.45,3.14.7,10,10,5,1,2,1,2,1,2,0,0,42,96,1782,3,192,"{""playbook_playbook0.asl"": 26, ""director_mainplot.asl"": 132, ""role_mainplot_role0.asl"": 34}",2.0,0.0028012000002490822,6.293999831541441e-05,0.09135627746582031,True,16,0
interaction_roles_playbooks,4,Linux 7.1.9-arch1-2,x86_64,24,30.45,3.14.7,10,10,5,1,2,1,2,1,2,0,0,42,96,1782,3,192,"{""playbook_playbook0.asl"": 26, ""director_mainplot.asl"": 132, ""role_mainplot_role0.asl"": 34}",2.0,0.0028324209997663274,6.320999818854034e-05,0.09135627746582031,True,16,0
interaction_roles_playbooks,5,Linux 7.1.9-arch1-2,x86_64,24,30.45,3.14.7,10,10,5,2,2,1,2,2,2,0,0,42,117,2267,5,258,"{""playbook_playbook0.asl"": 26, ""playbook_playbook1.asl"": 26, ""director_mainplot.asl"": 138, ""role_mainplot_role0.asl"": 34, ""role_mainplot_role1.asl"": 34}",2.2051282051282053,0.0038263060014287475,9.35099997150246e-05,0.1289043426513672,True,9,0
interaction_roles_playbooks,6,Linux 7.1.9-arch1-2,x86_64,24,30.45,3.14.7,10,10,5,2,2,1,2,2,2,0,0,42,117,2267,5,258,"{""playbook_playbook0.asl"": 26, ""playbook_playbook1.asl"": 26, ""director_mainplot.asl"": 138, ""role_mainplot_role0.asl"": 34, ""role_mainplot_role1.asl"": 34}",2.2051282051282053,0.003783276999456575,9.208899791701697e-05,0.1289348602294922,True,9,0
interaction_roles_playbooks,7,Linux 7.1.9-arch1-2,x86_64,24,30.45,3.14.7,10,10,5,2,2,1,2,2,2,0,0,42,117,2267,5,258,"{""playbook_playbook0.asl"": 26, ""playbook_playbook1.asl"": 26, ""director_mainplot.asl"": 138, ""role_mainplot_role0.asl"": 34, ""role_mainplot_role1.asl"": 34}",2.2051282051282053,0.0037988969997968525,9.335899812867865e-05,0.1289348602294922,True,9,0
interaction_roles_playbooks,8,Linux 7.1.9-arch1-2,x86_64,24,30.45,3.14.7,10,10,5,2,2,1,2,2,2,0,0,42,117,2267,5,258,"{""playbook_playbook0.asl"": 26, ""playbook_playbook1.asl"": 26, ""director_mainplot.asl"": 138, ""role_mainplot_role0.asl"": 34, ""role_mainplot_role1.asl"": 34}",2.2051282051282053,0.0037806769978487864,9.013000089908019e-05,0.1289348602294922,True,9,0
interaction_roles_playbooks,9,Linux 7.1.9-arch1-2,x86_64,24,30.45,3.14.7,10,10,5,2,2,1,2,2,2,0,0,42,117,2267,5,258,"{""playbook_playbook0.asl"": 26, ""playbook_playbook1.asl"": 26, ""director_mainplot.asl"": 138, ""role_mainplot_role0.asl"": 34, ""role_mainplot_role1.asl"": 34}",2.2051282051282053,0.0037584370002150536,8.984899977804162e-05,0.1289348602294922,True,9,0
interaction_roles_playbooks,10,Linux 7.1.9-arch1-2,x86_64,24,30.45,3.14.7,10,10,5,5,2,1,2,5,2,0,0,42,180,3722,11,456,"{""playbook_playbook0.asl"": 26, ""playbook_playbook1.asl"": 26, ""playbook_playbook2.asl"": 26, ""playbook_playbook3.asl"": 26, ""playbook_playbook4.asl"": 26, ""director_mainplot.asl"": 156, ""role_mainplot_role0.asl"": 34, ""role_mainplot_role1.asl"": 34, ""role_mainplot_role2.asl"": 34, ""role_mainplot_role3.asl"": 34, ""role_mainplot_role4.asl"": 34}",2.533333333333333,0.006591805999050848,0.00016282900105579756,0.24001502990722656,True,0,0
interaction_roles_playbooks,11,Linux 7.1.9-arch1-2,x86_64,24,30.45,3.14.7,10,10,5,5,2,1,2,5,2,0,0,42,180,3722,11,456,"{""playbook_playbook0.asl"": 26, ""playbook_playbook1.asl"": 26, ""playbook_playbook2.asl"": 26, ""playbook_playbook3.asl"": 26, ""playbook_playbook4.asl"": 26, ""director_mainplot.asl"": 156, ""role_mainplot_role0.asl"": 34, ""role_mainplot_role1.asl"": 34, ""role_mainplot_role2.asl"": 34, ""role_mainplot_role3.asl"": 34, ""role_mainplot_role4.asl"": 34}",2.533333333333333,0.006619496998609975,0.00016397900253650732,0.24001502990722656,True,0,0
interaction_roles_playbooks,12,Linux 7.1.9-arch1-2,x86_64,24,30.45,3.14.7,10,10,5,5,2,1,2,5,2,0,0,42,180,3722,11,456,"{""playbook_playbook0.asl"": 26, ""playbook_playbook1.asl"": 26, ""playbook_playbook2.asl"": 26, ""playbook_playbook3.asl"": 26, ""playbook_playbook4.asl"": 26, ""director_mainplot.asl"": 156, ""role_mainplot_role0.asl"": 34, ""role_mainplot_role1.asl"": 34, ""role_mainplot_role2.asl"": 34, ""role_mainplot_role3.asl"": 34, ""role_mainplot_role4.asl"": 34}",2.533333333333333,0.006599886000913102,0.00016373000107705593,0.24001502990722656,True,0,0
interaction_roles_playbooks,13,Linux 7.1.9-arch1-2,x86_64,24,30.45,3.14.7,10,10,5,5,2,1,2,5,2,0,0,42,180,3722,11,456,"{""playbook_playbook0.asl"": 26, ""playbook_playbook1.asl"": 26, ""playbook_playbook2.asl"": 26, ""playbook_playbook3.asl"": 26, ""playbook_playbook4.asl"": 26, ""director_mainplot.asl"": 156, ""role_mainplot_role0.asl"": 34, ""role_mainplot_role1.asl"": 34, ""role_mainplot_role2.asl"": 34, ""role_mainplot_role3.asl"": 34, ""role_mainplot_role4.asl"": 34}",2.533333333333333,0.006631707001361065,0.00016294899978674948,0.24001502990722656,True,0,0
interaction_roles_playbooks,14,Linux 7.1.9-arch1-2,x86_64,24,30.45,3.14.7,10,10,5,5,2,1,2,5,2,0,0,42,180,3722,11,456,"{""playbook_playbook0.asl"": 26, ""playbook_playbook1.asl"": 26, ""playbook_playbook2.asl"": 26, ""playbook_playbook3.asl"": 26, ""playbook_playbook4.asl"": 26, ""director_mainplot.asl"": 156, ""role_mainplot_role0.asl"": 34, ""role_mainplot_role1.asl"": 34, ""role_mainplot_role2.asl"": 34, ""role_mainplot_role3.asl"": 34, ""role_mainplot_role4.asl"": 34}",2.533333333333333,0.006674555999779841,0.00016519900236744434,0.24001502990722656,True,0,0
interaction_roles_playbooks,15,Linux 7.1.9-arch1-2,x86_64,24,30.45,3.14.7,10,10,5,10,2,1,2,10,2,0,0,42,285,6149,21,786,"{""playbook_playbook0.asl"": 26, ""playbook_playbook1.asl"": 26, ""playbook_playbook2.asl"": 26, ""playbook_playbook3.asl"": 26, ""playbook_playbook4.asl"": 26, ""playbook_playbook5.asl"": 26, ""playbook_playbook6.asl"": 26, ""playbook_playbook7.asl"": 26, ""playbook_playbook8.asl"": 26, ""playbook_playbook9.asl"": 26, ""director_mainplot.asl"": 186, ""role_mainplot_role0.asl"": 34, ""role_mainplot_role1.asl"": 34, ""role_mainplot_role2.asl"": 34, ""role_mainplot_role3.asl"": 34, ""role_mainplot_role4.asl"": 34, ""role_mainplot_role5.asl"": 34, ""role_mainplot_role6.asl"": 34, ""role_mainplot_role7.asl"": 34, ""role_mainplot_role8.asl"": 34, ""role_mainplot_role9.asl"": 34}",2.7578947368421054,0.01146695900024497,0.0002874790006899275,0.42388153076171875,True,0,0
interaction_roles_playbooks,16,Linux 7.1.9-arch1-2,x86_64,24,30.45,3.14.7,10,10,5,10,2,1,2,10,2,0,0,42,285,6149,21,786,"{""playbook_playbook0.asl"": 26, ""playbook_playbook1.asl"": 26, ""playbook_playbook2.asl"": 26, ""playbook_playbook3.asl"": 26, ""playbook_playbook4.asl"": 26, ""playbook_playbook5.asl"": 26, ""playbook_playbook6.asl"": 26, ""playbook_playbook7.asl"": 26, ""playbook_playbook8.asl"": 26, ""playbook_playbook9.asl"": 26, ""director_mainplot.asl"": 186, ""role_mainplot_role0.asl"": 34, ""role_mainplot_role1.asl"": 34, ""role_mainplot_role2.asl"": 34, ""role_mainplot_role3.asl"": 34, ""role_mainplot_role4.asl"": 34, ""role_mainplot_role5.asl"": 34, ""role_mainplot_role6.asl"": 34, ""role_mainplot_role7.asl"": 34, ""role_mainplot_role8.asl"": 34, ""role_mainplot_role9.asl"": 34}",2.7578947368421054,0.01138934000118752,0.00028596900301636197,0.42385101318359375,True,0,0
interaction_roles_playbooks,17,Linux 7.1.9-arch1-2,x86_64,24,30.45,3.14.7,10,10,5,10,2,1,2,10,2,0,0,42,285,6149,21,786,"{""playbook_playbook0.asl"": 26, ""playbook_playbook1.asl"": 26, ""playbook_playbook2.asl"": 26, ""playbook_playbook3.asl"": 26, ""playbook_playbook4.asl"": 26, ""playbook_playbook5.asl"": 26, ""playbook_playbook6.asl"": 26, ""playbook_playbook7.asl"": 26, ""playbook_playbook8.asl"": 26, ""playbook_playbook9.asl"": 26, ""director_mainplot.asl"": 186, ""role_mainplot_role0.asl"": 34, ""role_mainplot_role1.asl"": 34, ""role_mainplot_role2.asl"": 34, ""role_mainplot_role3.asl"": 34, ""role_mainplot_role4.asl"": 34, ""role_mainplot_role5.asl"": 34, ""role_mainplot_role6.asl"": 34, ""role_mainplot_role7.asl"": 34, ""role_mainplot_role8.asl"": 34, ""role_mainplot_role9.asl"": 34}",2.7578947368421054,0.011478778997116024,0.0002818389984895475,0.42385101318359375,True,0,0
interaction_roles_playbooks,18,Linux 7.1.9-arch1-2,x86_64,24,30.45,3.14.7,10,10,5,10,2,1,2,10,2,0,0,42,285,6149,21,786,"{""playbook_playbook0.asl"": 26, ""playbook_playbook1.asl"": 26, ""playbook_playbook2.asl"": 26, ""playbook_playbook3.asl"": 26, ""playbook_playbook4.asl"": 26, ""playbook_playbook5.asl"": 26, ""playbook_playbook6.asl"": 26, ""playbook_playbook7.asl"": 26, ""playbook_playbook8.asl"": 26, ""playbook_playbook9.asl"": 26, ""director_mainplot.asl"": 186, ""role_mainplot_role0.asl"": 34, ""role_mainplot_role1.asl"": 34, ""role_mainplot_role2.asl"": 34, ""role_mainplot_role3.asl"": 34, ""role_mainplot_role4.asl"": 34, ""role_mainplot_role5.asl"": 34, ""role_mainplot_role6.asl"": 34, ""role_mainplot_role7.asl"": 34, ""role_mainplot_role8.asl"": 34, ""role_mainplot_role9.asl"": 34}",2.7578947368421054,0.011421290000726003,0.0002863690024241805,0.42385101318359375,True,0,0
interaction_roles_playbooks,19,Linux 7.1.9-arch1-2,x86_64,24,30.45,3.14.7,10,10,5,10,2,1,2,10,2,0,0,42,285,6149,21,786,"{""playbook_playbook0.asl"": 26, ""playbook_playbook1.asl"": 26, ""playbook_playbook2.asl"": 26, ""playbook_playbook3.asl"": 26, ""playbook_playbook4.asl"": 26, ""playbook_playbook5.asl"": 26, ""playbook_playbook6.asl"": 26, ""playbook_playbook7.asl"": 26, ""playbook_playbook8.asl"": 26, ""playbook_playbook9.asl"": 26, ""director_mainplot.asl"": 186, ""role_mainplot_role0.asl"": 34, ""role_mainplot_role1.asl"": 34, ""role_mainplot_role2.asl"": 34, ""role_mainplot_role3.asl"": 34, ""role_mainplot_role4.asl"": 34, ""role_mainplot_role5.asl"": 34, ""role_mainplot_role6.asl"": 34, ""role_mainplot_role7.asl"": 34, ""role_mainplot_role8.asl"": 34, ""role_mainplot_role9.asl"": 34}",2.7578947368421054,0.01143606999903568,0.000282618999335682,0.42385101318359375,True,0,0
interaction_roles_playbooks,20,Linux 7.1.9-arch1-2,x86_64,24,30.45,3.14.7,10,10,5,20,2,1,2,20,2,0,0,42,495,11099,41,1446,"{""playbook_playbook0.asl"": 26, ""playbook_playbook1.asl"": 26, ""playbook_playbook10.asl"": 26, ""playbook_playbook11.asl"": 26, ""playbook_playbook12.asl"": 26, ""playbook_playbook13.asl"": 26, ""playbook_playbook14.asl"": 26, ""playbook_playbook15.asl"": 26, ""playbook_playbook16.asl"": 26, ""playbook_playbook17.asl"": 26, ""playbook_playbook18.asl"": 26, ""playbook_playbook19.asl"": 26, ""playbook_playbook2.asl"": 26, ""playbook_playbook3.asl"": 26, ""playbook_playbook4.asl"": 26, ""playbook_playbook5.asl"": 26, ""playbook_playbook6.asl"": 26, ""playbook_playbook7.asl"": 26, ""playbook_playbook8.asl"": 26, ""playbook_playbook9.asl"": 26, ""director_mainplot.asl"": 246, ""role_mainplot_role0.asl"": 34, ""role_mainplot_role1.asl"": 34, ""role_mainplot_role2.asl"": 34, ""role_mainplot_role3.asl"": 34, ""role_mainplot_role4.asl"": 34, ""role_mainplot_role5.asl"": 34, ""role_mainplot_role6.asl"": 34, ""role_mainplot_role7.asl"": 34, ""role_mainplot_role8.asl"": 34, ""role_mainplot_role9.asl"": 34, ""role_mainplot_role10.asl"": 34, ""role_mainplot_role11.asl"": 34, ""role_mainplot_role12.asl"": 34, ""role_mainplot_role13.asl"": 34, ""role_mainplot_role14.asl"": 34, ""role_mainplot_role15.asl"": 34, ""role_mainplot_role16.asl"": 34, ""role_mainplot_role17.asl"": 34, ""role_mainplot_role18.asl"": 34, ""role_mainplot_role19.asl"": 34}",2.9212121212121214,0.021207365000009304,0.0005356379988370463,0.795867919921875,True,0,0
interaction_roles_playbooks,21,Linux 7.1.9-arch1-2,x86_64,24,30.45,3.14.7,10,10,5,20,2,1,2,20,2,0,0,42,495,11099,41,1446,"{""playbook_playbook0.asl"": 26, ""playbook_playbook1.asl"": 26, ""playbook_playbook10.asl"": 26, ""playbook_playbook11.asl"": 26, ""playbook_playbook12.asl"": 26, ""playbook_playbook13.asl"": 26, ""playbook_playbook14.asl"": 26, ""playbook_playbook15.asl"": 26, ""playbook_playbook16.asl"": 26, ""playbook_playbook17.asl"": 26, ""playbook_playbook18.asl"": 26, ""playbook_playbook19.asl"": 26, ""playbook_playbook2.asl"": 26, ""playbook_playbook3.asl"": 26, ""playbook_playbook4.asl"": 26, ""playbook_playbook5.asl"": 26, ""playbook_playbook6.asl"": 26, ""playbook_playbook7.asl"": 26, ""playbook_playbook8.asl"": 26, ""playbook_playbook9.asl"": 26, ""director_mainplot.asl"": 246, ""role_mainplot_role0.asl"": 34, ""role_mainplot_role1.asl"": 34, ""role_mainplot_role2.asl"": 34, ""role_mainplot_role3.asl"": 34, ""role_mainplot_role4.asl"": 34, ""role_mainplot_role5.asl"": 34, ""role_mainplot_role6.asl"": 34, ""role_mainplot_role7.asl"": 34, ""role_mainplot_role8.asl"": 34, ""role_mainplot_role9.asl"": 34, ""role_mainplot_role10.asl"": 34, ""role_mainplot_role11.asl"": 34, ""role_mainplot_role12.asl"": 34, ""role_mainplot_role13.asl"": 34, ""role_mainplot_role14.asl"": 34, ""role_mainplot_role15.asl"": 34, ""role_mainplot_role16.asl"": 34, ""role_mainplot_role17.asl"": 34, ""role_mainplot_role18.asl"": 34, ""role_mainplot_role19.asl"": 34}",2.9212121212121214,0.02097031600351329,0.0005358580019674264,0.795867919921875,True,0,0
interaction_roles_playbooks,22,Linux 7.1.9-arch1-2,x86_64,24,30.45,3.14.7,10,10,5,20,2,1,2,20,2,0,0,42,495,11099,41,1446,"{""playbook_playbook0.asl"": 26, ""playbook_playbook1.asl"": 26, ""playbook_playbook10.asl"": 26, ""playbook_playbook11.asl"": 26, ""playbook_playbook12.asl"": 26, ""playbook_playbook13.asl"": 26, ""playbook_playbook14.asl"": 26, ""playbook_playbook15.asl"": 26, ""playbook_playbook16.asl"": 26, ""playbook_playbook17.asl"": 26, ""playbook_playbook18.asl"": 26, ""playbook_playbook19.asl"": 26, ""playbook_playbook2.asl"": 26, ""playbook_playbook3.asl"": 26, ""playbook_playbook4.asl"": 26, ""playbook_playbook5.asl"": 26, ""playbook_playbook6.asl"": 26, ""playbook_playbook7.asl"": 26, ""playbook_playbook8.asl"": 26, ""playbook_playbook9.asl"": 26, ""director_mainplot.asl"": 246, ""role_mainplot_role0.asl"": 34, ""role_mainplot_role1.asl"": 34, ""role_mainplot_role2.asl"": 34, ""role_mainplot_role3.asl"": 34, ""role_mainplot_role4.asl"": 34, ""role_mainplot_role5.asl"": 34, ""role_mainplot_role6.asl"": 34, ""role_mainplot_role7.asl"": 34, ""role_mainplot_role8.asl"": 34, ""role_mainplot_role9.asl"": 34, ""role_mainplot_role10.asl"": 34, ""role_mainplot_role11.asl"": 34, ""role_mainplot_role12.asl"": 34, ""role_mainplot_role13.asl"": 34, ""role_mainplot_role14.asl"": 34, ""role_mainplot_role15.asl"": 34, ""role_mainplot_role16.asl"": 34, ""role_mainplot_role17.asl"": 34, ""role_mainplot_role18.asl"": 34, ""role_mainplot_role19.asl"": 34}",2.9212121212121214,0.020934195999871008,0.0005380590009735897,0.795867919921875,True,0,0
interaction_roles_playbooks,23,Linux 7.1.9-arch1-2,x86_64,24,30.45,3.14.7,10,10,5,20,2,1,2,20,2,0,0,42,495,11099,41,1446,"{""playbook_playbook0.asl"": 26, ""playbook_playbook1.asl"": 26, ""playbook_playbook10.asl"": 26, ""playbook_playbook11.asl"": 26, ""playbook_playbook12.asl"": 26, ""playbook_playbook13.asl"": 26, ""playbook_playbook14.asl"": 26, ""playbook_playbook15.asl"": 26, ""playbook_playbook16.asl"": 26, ""playbook_playbook17.asl"": 26, ""playbook_playbook18.asl"": 26, ""playbook_playbook19.asl"": 26, ""playbook_playbook2.asl"": 26, ""playbook_playbook3.asl"": 26, ""playbook_playbook4.asl"": 26, ""playbook_playbook5.asl"": 26, ""playbook_playbook6.asl"": 26, ""playbook_playbook7.asl"": 26, ""playbook_playbook8.asl"": 26, ""playbook_playbook9.asl"": 26, ""director_mainplot.asl"": 246, ""role_mainplot_role0.asl"": 34, ""role_mainplot_role1.asl"": 34, ""role_mainplot_role2.asl"": 34, ""role_mainplot_role3.asl"": 34, ""role_mainplot_role4.asl"": 34, ""role_mainplot_role5.asl"": 34, ""role_mainplot_role6.asl"": 34, ""role_mainplot_role7.asl"": 34, ""role_mainplot_role8.asl"": 34, ""role_mainplot_role9.asl"": 34, ""role_mainplot_role10.asl"": 34, ""role_mainplot_role11.asl"": 34, ""role_mainplot_role12.asl"": 34, ""role_mainplot_role13.asl"": 34, ""role_mainplot_role14.asl"": 34, ""role_mainplot_role15.asl"": 34, ""role_mainplot_role16.asl"": 34, ""role_mainplot_role17.asl"": 34, ""role_mainplot_role18.asl"": 34, ""role_mainplot_role19.asl"": 34}",2.9212121212121214,0.02107139600047958,0.0005316480019246228,0.795867919921875,True,0,0
interaction_roles_playbooks,24,Linux 7.1.9-arch1-2,x86_64,24,30.45,3.14.7,10,10,5,20,2,1,2,20,2,0,0,42,495,11099,41,1446,"{""playbook_playbook0.asl"": 26, ""playbook_playbook1.asl"": 26, ""playbook_playbook10.asl"": 26, ""playbook_playbook11.asl"": 26, ""playbook_playbook12.asl"": 26, ""playbook_playbook13.asl"": 26, ""playbook_playbook14.asl"": 26, ""playbook_playbook15.asl"": 26, ""playbook_playbook16.asl"": 26, ""playbook_playbook17.asl"": 26, ""playbook_playbook18.asl"": 26, ""playbook_playbook19.asl"": 26, ""playbook_playbook2.asl"": 26, ""playbook_playbook3.asl"": 26, ""playbook_playbook4.asl"": 26, ""playbook_playbook5.asl"": 26, ""playbook_playbook6.asl"": 26, ""playbook_playbook7.asl"": 26, ""playbook_playbook8.asl"": 26, ""playbook_playbook9.asl"": 26, ""director_mainplot.asl"": 246, ""role_mainplot_role0.asl"": 34, ""role_mainplot_role1.asl"": 34, ""role_mainplot_role2.asl"": 34, ""role_mainplot_role3.asl"": 34, ""role_mainplot_role4.asl"": 34, ""role_mainplot_role5.asl"": 34, ""role_mainplot_role6.asl"": 34, ""role_mainplot_role7.asl"": 34, ""role_mainplot_role8.asl"": 34, ""role_mainplot_role9.asl"": 34, ""role_mainplot_role10.asl"": 34, ""role_mainplot_role11.asl"": 34, ""role_mainplot_role12.asl"": 34, ""role_mainplot_role13.asl"": 34, ""role_mainplot_role14.asl"": 34, ""role_mainplot_role15.asl"": 34, ""role_mainplot_role16.asl"": 34, ""role_mainplot_role17.asl"": 34, ""role_mainplot_role18.asl"": 34, ""role_mainplot_role19.asl"": 34}",2.9212121212121214,0.021508214998902986,0.000527797998074675,0.795867919921875,True,0,0
interaction_roles_playbooks,25,Linux 7.1.9-arch1-2,x86_64,24,30.45,3.14.7,10,10,5,50,2,1,2,50,2,0,0,42,1125,25949,101,3426,"{""playbook_playbook0.asl"": 26, ""playbook_playbook1.asl"": 26, ""playbook_playbook10.asl"": 26, ""playbook_playbook11.asl"": 26, ""playbook_playbook12.asl"": 26, ""playbook_playbook13.asl"": 26, ""playbook_playbook14.asl"": 26, ""playbook_playbook15.asl"": 26, ""playbook_playbook16.asl"": 26, ""playbook_playbook17.asl"": 26, ""playbook_playbook18.asl"": 26, ""playbook_playbook19.asl"": 26, ""playbook_playbook2.asl"": 26, ""playbook_playbook20.asl"": 26, ""playbook_playbook21.asl"": 26, ""playbook_playbook22.asl"": 26, ""playbook_playbook23.asl"": 26, ""playbook_playbook24.asl"": 26, ""playbook_playbook25.asl"": 26, ""playbook_playbook26.asl"": 26, ""playbook_playbook27.asl"": 26, ""playbook_playbook28.asl"": 26, ""playbook_playbook29.asl"": 26, ""playbook_playbook3.asl"": 26, ""playbook_playbook30.asl"": 26, ""playbook_playbook31.asl"": 26, ""playbook_playbook32.asl"": 26, ""playbook_playbook33.asl"": 26, ""playbook_playbook34.asl"": 26, ""playbook_playbook35.asl"": 26, ""playbook_playbook36.asl"": 26, ""playbook_playbook37.asl"": 26, ""playbook_playbook38.asl"": 26, ""playbook_playbook39.asl"": 26, ""playbook_playbook4.asl"": 26, ""playbook_playbook40.asl"": 26, ""playbook_playbook41.asl"": 26, ""playbook_playbook42.asl"": 26, ""playbook_playbook43.asl"": 26, ""playbook_playbook44.asl"": 26, ""playbook_playbook45.asl"": 26, ""playbook_playbook46.asl"": 26, ""playbook_playbook47.asl"": 26, ""playbook_playbook48.asl"": 26, ""playbook_playbook49.asl"": 26, ""playbook_playbook5.asl"": 26, ""playbook_playbook6.asl"": 26, ""playbook_playbook7.asl"": 26, ""playbook_playbook8.asl"": 26, ""playbook_playbook9.asl"": 26, ""director_mainplot.asl"": 426, ""role_mainplot_role0.asl"": 34, ""role_mainplot_role1.asl"": 34, ""role_mainplot_role2.asl"": 34, ""role_mainplot_role3.asl"": 34, ""role_mainplot_role4.asl"": 34, ""role_mainplot_role5.asl"": 34, ""role_mainplot_role6.asl"": 34, ""role_mainplot_role7.asl"": 34, ""role_mainplot_role8.asl"": 34, ""role_mainplot_role9.asl"": 34, ""role_mainplot_role10.asl"": 34, ""role_mainplot_role11.asl"": 34, ""role_mainplot_role12.asl"": 34, ""role_mainplot_role13.asl"": 34, ""role_mainplot_role14.asl"": 34, ""role_mainplot_role15.asl"": 34, ""role_mainplot_role16.asl"": 34, ""role_mainplot_role17.asl"": 34, ""role_mainplot_role18.asl"": 34, ""role_mainplot_role19.asl"": 34, ""role_mainplot_role20.asl"": 34, ""role_mainplot_role21.asl"": 34, ""role_mainplot_role22.asl"": 34, ""role_mainplot_role23.asl"": 34, ""role_mainplot_role24.asl"": 34, ""role_mainplot_role25.asl"": 34, ""role_mainplot_role26.asl"": 34, ""role_mainplot_role27.asl"": 34, ""role_mainplot_role28.asl"": 34, ""role_mainplot_role29.asl"": 34, ""role_mainplot_role30.asl"": 34, ""role_mainplot_role31.asl"": 34, ""role_mainplot_role32.asl"": 34, ""role_mainplot_role33.asl"": 34, ""role_mainplot_role34.asl"": 34, ""role_mainplot_role35.asl"": 34, ""role_mainplot_role36.asl"": 34, ""role_mainplot_role37.asl"": 34, ""role_mainplot_role38.asl"": 34, ""role_mainplot_role39.asl"": 34, ""role_mainplot_role40.asl"": 34, ""role_mainplot_role41.asl"": 34, ""role_mainplot_role42.asl"": 34, ""role_mainplot_role43.asl"": 34, ""role_mainplot_role44.asl"": 34, ""role_mainplot_role45.asl"": 34, ""role_mainplot_role46.asl"": 34, ""role_mainplot_role47.asl"": 34, ""role_mainplot_role48.asl"": 34, ""role_mainplot_role49.asl"": 34}",3.0453333333333332,0.05054747200119891,0.0012910149998788256,1.913435935974121,True,0,0
interaction_roles_playbooks,26,Linux 7.1.9-arch1-2,x86_64,24,30.45,3.14.7,10,10,5,50,2,1,2,50,2,0,0,42,1125,25949,101,3426,"{""playbook_playbook0.asl"": 26, ""playbook_playbook1.asl"": 26, ""playbook_playbook10.asl"": 26, ""playbook_playbook11.asl"": 26, ""playbook_playbook12.asl"": 26, ""playbook_playbook13.asl"": 26, ""playbook_playbook14.asl"": 26, ""playbook_playbook15.asl"": 26, ""playbook_playbook16.asl"": 26, ""playbook_playbook17.asl"": 26, ""playbook_playbook18.asl"": 26, ""playbook_playbook19.asl"": 26, ""playbook_playbook2.asl"": 26, ""playbook_playbook20.asl"": 26, ""playbook_playbook21.asl"": 26, ""playbook_playbook22.asl"": 26, ""playbook_playbook23.asl"": 26, ""playbook_playbook24.asl"": 26, ""playbook_playbook25.asl"": 26, ""playbook_playbook26.asl"": 26, ""playbook_playbook27.asl"": 26, ""playbook_playbook28.asl"": 26, ""playbook_playbook29.asl"": 26, ""playbook_playbook3.asl"": 26, ""playbook_playbook30.asl"": 26, ""playbook_playbook31.asl"": 26, ""playbook_playbook32.asl"": 26, ""playbook_playbook33.asl"": 26, ""playbook_playbook34.asl"": 26, ""playbook_playbook35.asl"": 26, ""playbook_playbook36.asl"": 26, ""playbook_playbook37.asl"": 26, ""playbook_playbook38.asl"": 26, ""playbook_playbook39.asl"": 26, ""playbook_playbook4.asl"": 26, ""playbook_playbook40.asl"": 26, ""playbook_playbook41.asl"": 26, ""playbook_playbook42.asl"": 26, ""playbook_playbook43.asl"": 26, ""playbook_playbook44.asl"": 26, ""playbook_playbook45.asl"": 26, ""playbook_playbook46.asl"": 26, ""playbook_playbook47.asl"": 26, ""playbook_playbook48.asl"": 26, ""playbook_playbook49.asl"": 26, ""playbook_playbook5.asl"": 26, ""playbook_playbook6.asl"": 26, ""playbook_playbook7.asl"": 26, ""playbook_playbook8.asl"": 26, ""playbook_playbook9.asl"": 26, ""director_mainplot.asl"": 426, ""role_mainplot_role0.asl"": 34, ""role_mainplot_role1.asl"": 34, ""role_mainplot_role2.asl"": 34, ""role_mainplot_role3.asl"": 34, ""role_mainplot_role4.asl"": 34, ""role_mainplot_role5.asl"": 34, ""role_mainplot_role6.asl"": 34, ""role_mainplot_role7.asl"": 34, ""role_mainplot_role8.asl"": 34, ""role_mainplot_role9.asl"": 34, ""role_mainplot_role10.asl"": 34, ""role_mainplot_role11.asl"": 34, ""role_mainplot_role12.asl"": 34, ""role_mainplot_role13.asl"": 34, ""role_mainplot_role14.asl"": 34, ""role_mainplot_role15.asl"": 34, ""role_mainplot_role16.asl"": 34, ""role_mainplot_role17.asl"": 34, ""role_mainplot_role18.asl"": 34, ""role_mainplot_role19.asl"": 34, ""role_mainplot_role20.asl"": 34, ""role_mainplot_role21.asl"": 34, ""role_mainplot_role22.asl"": 34, ""role_mainplot_role23.asl"": 34, ""role_mainplot_role24.asl"": 34, ""role_mainplot_role25.asl"": 34, ""role_mainplot_role26.asl"": 34, ""role_mainplot_role27.asl"": 34, ""role_mainplot_role28.asl"": 34, ""role_mainplot_role29.asl"": 34, ""role_mainplot_role30.asl"": 34, ""role_mainplot_role31.asl"": 34, ""role_mainplot_role32.asl"": 34, ""role_mainplot_role33.asl"": 34, ""role_mainplot_role34.asl"": 34, ""role_mainplot_role35.asl"": 34, ""role_mainplot_role36.asl"": 34, ""role_mainplot_role37.asl"": 34, ""role_mainplot_role38.asl"": 34, ""role_mainplot_role39.asl"": 34, ""role_mainplot_role40.asl"": 34, ""role_mainplot_role41.asl"": 34, ""role_mainplot_role42.asl"": 34, ""role_mainplot_role43.asl"": 34, ""role_mainplot_role44.asl"": 34, ""role_mainplot_role45.asl"": 34, ""role_mainplot_role46.asl"": 34, ""role_mainplot_role47.asl"": 34, ""role_mainplot_role48.asl"": 34, ""role_mainplot_role49.asl"": 34}",3.0453333333333332,0.0495180550024088,0.0012954650010215119,1.913435935974121,True,0,0
interaction_roles_playbooks,27,Linux 7.1.9-arch1-2,x86_64,24,30.45,3.14.7,10,10,5,50,2,1,2,50,2,0,0,42,1125,25949,101,3426,"{""playbook_playbook0.asl"": 26, ""playbook_playbook1.asl"": 26, ""playbook_playbook10.asl"": 26, ""playbook_playbook11.asl"": 26, ""playbook_playbook12.asl"": 26, ""playbook_playbook13.asl"": 26, ""playbook_playbook14.asl"": 26, ""playbook_playbook15.asl"": 26, ""playbook_playbook16.asl"": 26, ""playbook_playbook17.asl"": 26, ""playbook_playbook18.asl"": 26, ""playbook_playbook19.asl"": 26, ""playbook_playbook2.asl"": 26, ""playbook_playbook20.asl"": 26, ""playbook_playbook21.asl"": 26, ""playbook_playbook22.asl"": 26, ""playbook_playbook23.asl"": 26, ""playbook_playbook24.asl"": 26, ""playbook_playbook25.asl"": 26, ""playbook_playbook26.asl"": 26, ""playbook_playbook27.asl"": 26, ""playbook_playbook28.asl"": 26, ""playbook_playbook29.asl"": 26, ""playbook_playbook3.asl"": 26, ""playbook_playbook30.asl"": 26, ""playbook_playbook31.asl"": 26, ""playbook_playbook32.asl"": 26, ""playbook_playbook33.asl"": 26, ""playbook_playbook34.asl"": 26, ""playbook_playbook35.asl"": 26, ""playbook_playbook36.asl"": 26, ""playbook_playbook37.asl"": 26, ""playbook_playbook38.asl"": 26, ""playbook_playbook39.asl"": 26, ""playbook_playbook4.asl"": 26, ""playbook_playbook40.asl"": 26, ""playbook_playbook41.asl"": 26, ""playbook_playbook42.asl"": 26, ""playbook_playbook43.asl"": 26, ""playbook_playbook44.asl"": 26, ""playbook_playbook45.asl"": 26, ""playbook_playbook46.asl"": 26, ""playbook_playbook47.asl"": 26, ""playbook_playbook48.asl"": 26, ""playbook_playbook49.asl"": 26, ""playbook_playbook5.asl"": 26, ""playbook_playbook6.asl"": 26, ""playbook_playbook7.asl"": 26, ""playbook_playbook8.asl"": 26, ""playbook_playbook9.asl"": 26, ""director_mainplot.asl"": 426, ""role_mainplot_role0.asl"": 34, ""role_mainplot_role1.asl"": 34, ""role_mainplot_role2.asl"": 34, ""role_mainplot_role3.asl"": 34, ""role_mainplot_role4.asl"": 34, ""role_mainplot_role5.asl"": 34, ""role_mainplot_role6.asl"": 34, ""role_mainplot_role7.asl"": 34, ""role_mainplot_role8.asl"": 34, ""role_mainplot_role9.asl"": 34, ""role_mainplot_role10.asl"": 34, ""role_mainplot_role11.asl"": 34, ""role_mainplot_role12.asl"": 34, ""role_mainplot_role13.asl"": 34, ""role_mainplot_role14.asl"": 34, ""role_mainplot_role15.asl"": 34, ""role_mainplot_role16.asl"": 34, ""role_mainplot_role17.asl"": 34, ""role_mainplot_role18.asl"": 34, ""role_mainplot_role19.asl"": 34, ""role_mainplot_role20.asl"": 34, ""role_mainplot_role21.asl"": 34, ""role_mainplot_role22.asl"": 34, ""role_mainplot_role23.asl"": 34, ""role_mainplot_role24.asl"": 34, ""role_mainplot_role25.asl"": 34, ""role_mainplot_role26.asl"": 34, ""role_mainplot_role27.asl"": 34, ""role_mainplot_role28.asl"": 34, ""role_mainplot_role29.asl"": 34, ""role_mainplot_role30.asl"": 34, ""role_mainplot_role31.asl"": 34, ""role_mainplot_role32.asl"": 34, ""role_mainplot_role33.asl"": 34, ""role_mainplot_role34.asl"": 34, ""role_mainplot_role35.asl"": 34, ""role_mainplot_role36.asl"": 34, ""role_mainplot_role37.asl"": 34, ""role_mainplot_role38.asl"": 34, ""role_mainplot_role39.asl"": 34, ""role_mainplot_role40.asl"": 34, ""role_mainplot_role41.asl"": 34, ""role_mainplot_role42.asl"": 34, ""role_mainplot_role43.asl"": 34, ""role_mainplot_role44.asl"": 34, ""role_mainplot_role45.asl"": 34, ""role_mainplot_role46.asl"": 34, ""role_mainplot_role47.asl"": 34, ""role_mainplot_role48.asl"": 34, ""role_mainplot_role49.asl"": 34}",3.0453333333333332,0.04986803400242934,0.0012953650002600625,1.913435935974121,True,0,0
interaction_roles_playbooks,28,Linux 7.1.9-arch1-2,x86_64,24,30.45,3.14.7,10,10,5,50,2,1,2,50,2,0,0,42,1125,25949,101,3426,"{""playbook_playbook0.asl"": 26, ""playbook_playbook1.asl"": 26, ""playbook_playbook10.asl"": 26, ""playbook_playbook11.asl"": 26, ""playbook_playbook12.asl"": 26, ""playbook_playbook13.asl"": 26, ""playbook_playbook14.asl"": 26, ""playbook_playbook15.asl"": 26, ""playbook_playbook16.asl"": 26, ""playbook_playbook17.asl"": 26, ""playbook_playbook18.asl"": 26, ""playbook_playbook19.asl"": 26, ""playbook_playbook2.asl"": 26, ""playbook_playbook20.asl"": 26, ""playbook_playbook21.asl"": 26, ""playbook_playbook22.asl"": 26, ""playbook_playbook23.asl"": 26, ""playbook_playbook24.asl"": 26, ""playbook_playbook25.asl"": 26, ""playbook_playbook26.asl"": 26, ""playbook_playbook27.asl"": 26, ""playbook_playbook28.asl"": 26, ""playbook_playbook29.asl"": 26, ""playbook_playbook3.asl"": 26, ""playbook_playbook30.asl"": 26, ""playbook_playbook31.asl"": 26, ""playbook_playbook32.asl"": 26, ""playbook_playbook33.asl"": 26, ""playbook_playbook34.asl"": 26, ""playbook_playbook35.asl"": 26, ""playbook_playbook36.asl"": 26, ""playbook_playbook37.asl"": 26, ""playbook_playbook38.asl"": 26, ""playbook_playbook39.asl"": 26, ""playbook_playbook4.asl"": 26, ""playbook_playbook40.asl"": 26, ""playbook_playbook41.asl"": 26, ""playbook_playbook42.asl"": 26, ""playbook_playbook43.asl"": 26, ""playbook_playbook44.asl"": 26, ""playbook_playbook45.asl"": 26, ""playbook_playbook46.asl"": 26, ""playbook_playbook47.asl"": 26, ""playbook_playbook48.asl"": 26, ""playbook_playbook49.asl"": 26, ""playbook_playbook5.asl"": 26, ""playbook_playbook6.asl"": 26, ""playbook_playbook7.asl"": 26, ""playbook_playbook8.asl"": 26, ""playbook_playbook9.asl"": 26, ""director_mainplot.asl"": 426, ""role_mainplot_role0.asl"": 34, ""role_mainplot_role1.asl"": 34, ""role_mainplot_role2.asl"": 34, ""role_mainplot_role3.asl"": 34, ""role_mainplot_role4.asl"": 34, ""role_mainplot_role5.asl"": 34, ""role_mainplot_role6.asl"": 34, ""role_mainplot_role7.asl"": 34, ""role_mainplot_role8.asl"": 34, ""role_mainplot_role9.asl"": 34, ""role_mainplot_role10.asl"": 34, ""role_mainplot_role11.asl"": 34, ""role_mainplot_role12.asl"": 34, ""role_mainplot_role13.asl"": 34, ""role_mainplot_role14.asl"": 34, ""role_mainplot_role15.asl"": 34, ""role_mainplot_role16.asl"": 34, ""role_mainplot_role17.asl"": 34, ""role_mainplot_role18.asl"": 34, ""role_mainplot_role19.asl"": 34, ""role_mainplot_role20.asl"": 34, ""role_mainplot_role21.asl"": 34, ""role_mainplot_role22.asl"": 34, ""role_mainplot_role23.asl"": 34, ""role_mainplot_role24.asl"": 34, ""role_mainplot_role25.asl"": 34, ""role_mainplot_role26.asl"": 34, ""role_mainplot_role27.asl"": 34, ""role_mainplot_role28.asl"": 34, ""role_mainplot_role29.asl"": 34, ""role_mainplot_role30.asl"": 34, ""role_mainplot_role31.asl"": 34, ""role_mainplot_role32.asl"": 34, ""role_mainplot_role33.asl"": 34, ""role_mainplot_role34.asl"": 34, ""role_mainplot_role35.asl"": 34, ""role_mainplot_role36.asl"": 34, ""role_mainplot_role37.asl"": 34, ""role_mainplot_role38.asl"": 34, ""role_mainplot_role39.asl"": 34, ""role_mainplot_role40.asl"": 34, ""role_mainplot_role41.asl"": 34, ""role_mainplot_role42.asl"": 34, ""role_mainplot_role43.asl"": 34, ""role_mainplot_role44.asl"": 34, ""role_mainplot_role45.asl"": 34, ""role_mainplot_role46.asl"": 34, ""role_mainplot_role47.asl"": 34, ""role_mainplot_role48.asl"": 34, ""role_mainplot_role49.asl"": 34}",3.0453333333333332,0.04920928600040497,0.001282875000470085,1.913435935974121,True,0,0
interaction_roles_playbooks,29,Linux 7.1.9-arch1-2,x86_64,24,30.45,3.14.7,10,10,5,50,2,1,2,50,2,0,0,42,1125,25949,101,3426,"{""playbook_playbook0.asl"": 26, ""playbook_playbook1.asl"": 26, ""playbook_playbook10.asl"": 26, ""playbook_playbook11.asl"": 26, ""playbook_playbook12.asl"": 26, ""playbook_playbook13.asl"": 26, ""playbook_playbook14.asl"": 26, ""playbook_playbook15.asl"": 26, ""playbook_playbook16.asl"": 26, ""playbook_playbook17.asl"": 26, ""playbook_playbook18.asl"": 26, ""playbook_playbook19.asl"": 26, ""playbook_playbook2.asl"": 26, ""playbook_playbook20.asl"": 26, ""playbook_playbook21.asl"": 26, ""playbook_playbook22.asl"": 26, ""playbook_playbook23.asl"": 26, ""playbook_playbook24.asl"": 26, ""playbook_playbook25.asl"": 26, ""playbook_playbook26.asl"": 26, ""playbook_playbook27.asl"": 26, ""playbook_playbook28.asl"": 26, ""playbook_playbook29.asl"": 26, ""playbook_playbook3.asl"": 26, ""playbook_playbook30.asl"": 26, ""playbook_playbook31.asl"": 26, ""playbook_playbook32.asl"": 26, ""playbook_playbook33.asl"": 26, ""playbook_playbook34.asl"": 26, ""playbook_playbook35.asl"": 26, ""playbook_playbook36.asl"": 26, ""playbook_playbook37.asl"": 26, ""playbook_playbook38.asl"": 26, ""playbook_playbook39.asl"": 26, ""playbook_playbook4.asl"": 26, ""playbook_playbook40.asl"": 26, ""playbook_playbook41.asl"": 26, ""playbook_playbook42.asl"": 26, ""playbook_playbook43.asl"": 26, ""playbook_playbook44.asl"": 26, ""playbook_playbook45.asl"": 26, ""playbook_playbook46.asl"": 26, ""playbook_playbook47.asl"": 26, ""playbook_playbook48.asl"": 26, ""playbook_playbook49.asl"": 26, ""playbook_playbook5.asl"": 26, ""playbook_playbook6.asl"": 26, ""playbook_playbook7.asl"": 26, ""playbook_playbook8.asl"": 26, ""playbook_playbook9.asl"": 26, ""director_mainplot.asl"": 426, ""role_mainplot_role0.asl"": 34, ""role_mainplot_role1.asl"": 34, ""role_mainplot_role2.asl"": 34, ""role_mainplot_role3.asl"": 34, ""role_mainplot_role4.asl"": 34, ""role_mainplot_role5.asl"": 34, ""role_mainplot_role6.asl"": 34, ""role_mainplot_role7.asl"": 34, ""role_mainplot_role8.asl"": 34, ""role_mainplot_role9.asl"": 34, ""role_mainplot_role10.asl"": 34, ""role_mainplot_role11.asl"": 34, ""role_mainplot_role12.asl"": 34, ""role_mainplot_role13.asl"": 34, ""role_mainplot_role14.asl"": 34, ""role_mainplot_role15.asl"": 34, ""role_mainplot_role16.asl"": 34, ""role_mainplot_role17.asl"": 34, ""role_mainplot_role18.asl"": 34, ""role_mainplot_role19.asl"": 34, ""role_mainplot_role20.asl"": 34, ""role_mainplot_role21.asl"": 34, ""role_mainplot_role22.asl"": 34, ""role_mainplot_role23.asl"": 34, ""role_mainplot_role24.asl"": 34, ""role_mainplot_role25.asl"": 34, ""role_mainplot_role26.asl"": 34, ""role_mainplot_role27.asl"": 34, ""role_mainplot_role28.asl"": 34, ""role_mainplot_role29.asl"": 34, ""role_mainplot_role30.asl"": 34, ""role_mainplot_role31.asl"": 34, ""role_mainplot_role32.asl"": 34, ""role_mainplot_role33.asl"": 34, ""role_mainplot_role34.asl"": 34, ""role_mainplot_role35.asl"": 34, ""role_mainplot_role36.asl"": 34, ""role_mainplot_role37.asl"": 34, ""role_mainplot_role38.asl"": 34, ""role_mainplot_role39.asl"": 34, ""role_mainplot_role40.asl"": 34, ""role_mainplot_role41.asl"": 34, ""role_mainplot_role42.asl"": 34, ""role_mainplot_role43.asl"": 34, ""role_mainplot_role44.asl"": 34, ""role_mainplot_role45.asl"": 34, ""role_mainplot_role46.asl"": 34, ""role_mainplot_role47.asl"": 34, ""role_mainplot_role48.asl"": 34, ""role_mainplot_role49.asl"": 34}",3.0453333333333332,0.04975100500087137,0.0012775559989677276,1.913435935974121,True,0,0
interaction_roles_playbooks,30,Linux 7.1.9-arch1-2,x86_64,24,30.45,3.14.7,10,10,5,100,2,1,2,100,2,0,0,42,2175,50701,201,6726,"{""playbook_playbook0.asl"": 26, ""playbook_playbook1.asl"": 26, ""playbook_playbook10.asl"": 26, ""playbook_playbook11.asl"": 26, ""playbook_playbook12.asl"": 26, ""playbook_playbook13.asl"": 26, ""playbook_playbook14.asl"": 26, ""playbook_playbook15.asl"": 26, ""playbook_playbook16.asl"": 26, ""playbook_playbook17.asl"": 26, ""playbook_playbook18.asl"": 26, ""playbook_playbook19.asl"": 26, ""playbook_playbook2.asl"": 26, ""playbook_playbook20.asl"": 26, ""playbook_playbook21.asl"": 26, ""playbook_playbook22.asl"": 26, ""playbook_playbook23.asl"": 26, ""playbook_playbook24.asl"": 26, ""playbook_playbook25.asl"": 26, ""playbook_playbook26.asl"": 26, ""playbook_playbook27.asl"": 26, ""playbook_playbook28.asl"": 26, ""playbook_playbook29.asl"": 26, ""playbook_playbook3.asl"": 26, ""playbook_playbook30.asl"": 26, ""playbook_playbook31.asl"": 26, ""playbook_playbook32.asl"": 26, ""playbook_playbook33.asl"": 26, ""playbook_playbook34.asl"": 26, ""playbook_playbook35.asl"": 26, ""playbook_playbook36.asl"": 26, ""playbook_playbook37.asl"": 26, ""playbook_playbook38.asl"": 26, ""playbook_playbook39.asl"": 26, ""playbook_playbook4.asl"": 26, ""playbook_playbook40.asl"": 26, ""playbook_playbook41.asl"": 26, ""playbook_playbook42.asl"": 26, ""playbook_playbook43.asl"": 26, ""playbook_playbook44.asl"": 26, ""playbook_playbook45.asl"": 26, ""playbook_playbook46.asl"": 26, ""playbook_playbook47.asl"": 26, ""playbook_playbook48.asl"": 26, ""playbook_playbook49.asl"": 26, ""playbook_playbook5.asl"": 26, ""playbook_playbook50.asl"": 26, ""playbook_playbook51.asl"": 26, ""playbook_playbook52.asl"": 26, ""playbook_playbook53.asl"": 26, ""playbook_playbook54.asl"": 26, ""playbook_playbook55.asl"": 26, ""playbook_playbook56.asl"": 26, ""playbook_playbook57.asl"": 26, ""playbook_playbook58.asl"": 26, ""playbook_playbook59.asl"": 26, ""playbook_playbook6.asl"": 26, ""playbook_playbook60.asl"": 26, ""playbook_playbook61.asl"": 26, ""playbook_playbook62.asl"": 26, ""playbook_playbook63.asl"": 26, ""playbook_playbook64.asl"": 26, ""playbook_playbook65.asl"": 26, ""playbook_playbook66.asl"": 26, ""playbook_playbook67.asl"": 26, ""playbook_playbook68.asl"": 26, ""playbook_playbook69.asl"": 26, ""playbook_playbook7.asl"": 26, ""playbook_playbook70.asl"": 26, ""playbook_playbook71.asl"": 26, ""playbook_playbook72.asl"": 26, ""playbook_playbook73.asl"": 26, ""playbook_playbook74.asl"": 26, ""playbook_playbook75.asl"": 26, ""playbook_playbook76.asl"": 26, ""playbook_playbook77.asl"": 26, ""playbook_playbook78.asl"": 26, ""playbook_playbook79.asl"": 26, ""playbook_playbook8.asl"": 26, ""playbook_playbook80.asl"": 26, ""playbook_playbook81.asl"": 26, ""playbook_playbook82.asl"": 26, ""playbook_playbook83.asl"": 26, ""playbook_playbook84.asl"": 26, ""playbook_playbook85.asl"": 26, ""playbook_playbook86.asl"": 26, ""playbook_playbook87.asl"": 26, ""playbook_playbook88.asl"": 26, ""playbook_playbook89.asl"": 26, ""playbook_playbook9.asl"": 26, ""playbook_playbook90.asl"": 26, ""playbook_playbook91.asl"": 26, ""playbook_playbook92.asl"": 26, ""playbook_playbook93.asl"": 26, ""playbook_playbook94.asl"": 26, ""playbook_playbook95.asl"": 26, ""playbook_playbook96.asl"": 26, ""playbook_playbook97.asl"": 26, ""playbook_playbook98.asl"": 26, ""playbook_playbook99.asl"": 26, ""director_mainplot.asl"": 726, ""role_mainplot_role0.asl"": 34, ""role_mainplot_role1.asl"": 34, ""role_mainplot_role2.asl"": 34, ""role_mainplot_role3.asl"": 34, ""role_mainplot_role4.asl"": 34, ""role_mainplot_role5.asl"": 34, ""role_mainplot_role6.asl"": 34, ""role_mainplot_role7.asl"": 34, ""role_mainplot_role8.asl"": 34, ""role_mainplot_role9.asl"": 34, ""role_mainplot_role10.asl"": 34, ""role_mainplot_role11.asl"": 34, ""role_mainplot_role12.asl"": 34, ""role_mainplot_role13.asl"": 34, ""role_mainplot_role14.asl"": 34, ""role_mainplot_role15.asl"": 34, ""role_mainplot_role16.asl"": 34, ""role_mainplot_role17.asl"": 34, ""role_mainplot_role18.asl"": 34, ""role_mainplot_role19.asl"": 34, ""role_mainplot_role20.asl"": 34, ""role_mainplot_role21.asl"": 34, ""role_mainplot_role22.asl"": 34, ""role_mainplot_role23.asl"": 34, ""role_mainplot_role24.asl"": 34, ""role_mainplot_role25.asl"": 34, ""role_mainplot_role26.asl"": 34, ""role_mainplot_role27.asl"": 34, ""role_mainplot_role28.asl"": 34, ""role_mainplot_role29.asl"": 34, ""role_mainplot_role30.asl"": 34, ""role_mainplot_role31.asl"": 34, ""role_mainplot_role32.asl"": 34, ""role_mainplot_role33.asl"": 34, ""role_mainplot_role34.asl"": 34, ""role_mainplot_role35.asl"": 34, ""role_mainplot_role36.asl"": 34, ""role_mainplot_role37.asl"": 34, ""role_mainplot_role38.asl"": 34, ""role_mainplot_role39.asl"": 34, ""role_mainplot_role40.asl"": 34, ""role_mainplot_role41.asl"": 34, ""role_mainplot_role42.asl"": 34, ""role_mainplot_role43.asl"": 34, ""role_mainplot_role44.asl"": 34, ""role_mainplot_role45.asl"": 34, ""role_mainplot_role46.asl"": 34, ""role_mainplot_role47.asl"": 34, ""role_mainplot_role48.asl"": 34, ""role_mainplot_role49.asl"": 34, ""role_mainplot_role50.asl"": 34, ""role_mainplot_role51.asl"": 34, ""role_mainplot_role52.asl"": 34, ""role_mainplot_role53.asl"": 34, ""role_mainplot_role54.asl"": 34, ""role_mainplot_role55.asl"": 34, ""role_mainplot_role56.asl"": 34, ""role_mainplot_role57.asl"": 34, ""role_mainplot_role58.asl"": 34, ""role_mainplot_role59.asl"": 34, ""role_mainplot_role60.asl"": 34, ""role_mainplot_role61.asl"": 34, ""role_mainplot_role62.asl"": 34, ""role_mainplot_role63.asl"": 34, ""role_mainplot_role64.asl"": 34, ""role_mainplot_role65.asl"": 34, ""role_mainplot_role66.asl"": 34, ""role_mainplot_role67.asl"": 34, ""role_mainplot_role68.asl"": 34, ""role_mainplot_role69.asl"": 34, ""role_mainplot_role70.asl"": 34, ""role_mainplot_role71.asl"": 34, ""role_mainplot_role72.asl"": 34, ""role_mainplot_role73.asl"": 34, ""role_mainplot_role74.asl"": 34, ""role_mainplot_role75.asl"": 34, ""role_mainplot_role76.asl"": 34, ""role_mainplot_role77.asl"": 34, ""role_mainplot_role78.asl"": 34, ""role_mainplot_role79.asl"": 34, ""role_mainplot_role80.asl"": 34, ""role_mainplot_role81.asl"": 34, ""role_mainplot_role82.asl"": 34, ""role_mainplot_role83.asl"": 34, ""role_mainplot_role84.asl"": 34, ""role_mainplot_role85.asl"": 34, ""role_mainplot_role86.asl"": 34, ""role_mainplot_role87.asl"": 34, ""role_mainplot_role88.asl"": 34, ""role_mainplot_role89.asl"": 34, ""role_mainplot_role90.asl"": 34, ""role_mainplot_role91.asl"": 34, ""role_mainplot_role92.asl"": 34, ""role_mainplot_role93.asl"": 34, ""role_mainplot_role94.asl"": 34, ""role_mainplot_role95.asl"": 34, ""role_mainplot_role96.asl"": 34, ""role_mainplot_role97.asl"": 34, ""role_mainplot_role98.asl"": 34, ""role_mainplot_role99.asl"": 34}",3.0924137931034483,0.0964450300016324,0.0025879610002448317,3.7751245498657227,True,0,0
interaction_roles_playbooks,31,Linux 7.1.9-arch1-2,x86_64,24,30.45,3.14.7,10,10,5,100,2,1,2,100,2,0,0,42,2175,50701,201,6726,"{""playbook_playbook0.asl"": 26, ""playbook_playbook1.asl"": 26, ""playbook_playbook10.asl"": 26, ""playbook_playbook11.asl"": 26, ""playbook_playbook12.asl"": 26, ""playbook_playbook13.asl"": 26, ""playbook_playbook14.asl"": 26, ""playbook_playbook15.asl"": 26, ""playbook_playbook16.asl"": 26, ""playbook_playbook17.asl"": 26, ""playbook_playbook18.asl"": 26, ""playbook_playbook19.asl"": 26, ""playbook_playbook2.asl"": 26, ""playbook_playbook20.asl"": 26, ""playbook_playbook21.asl"": 26, ""playbook_playbook22.asl"": 26, ""playbook_playbook23.asl"": 26, ""playbook_playbook24.asl"": 26, ""playbook_playbook25.asl"": 26, ""playbook_playbook26.asl"": 26, ""playbook_playbook27.asl"": 26, ""playbook_playbook28.asl"": 26, ""playbook_playbook29.asl"": 26, ""playbook_playbook3.asl"": 26, ""playbook_playbook30.asl"": 26, ""playbook_playbook31.asl"": 26, ""playbook_playbook32.asl"": 26, ""playbook_playbook33.asl"": 26, ""playbook_playbook34.asl"": 26, ""playbook_playbook35.asl"": 26, ""playbook_playbook36.asl"": 26, ""playbook_playbook37.asl"": 26, ""playbook_playbook38.asl"": 26, ""playbook_playbook39.asl"": 26, ""playbook_playbook4.asl"": 26, ""playbook_playbook40.asl"": 26, ""playbook_playbook41.asl"": 26, ""playbook_playbook42.asl"": 26, ""playbook_playbook43.asl"": 26, ""playbook_playbook44.asl"": 26, ""playbook_playbook45.asl"": 26, ""playbook_playbook46.asl"": 26, ""playbook_playbook47.asl"": 26, ""playbook_playbook48.asl"": 26, ""playbook_playbook49.asl"": 26, ""playbook_playbook5.asl"": 26, ""playbook_playbook50.asl"": 26, ""playbook_playbook51.asl"": 26, ""playbook_playbook52.asl"": 26, ""playbook_playbook53.asl"": 26, ""playbook_playbook54.asl"": 26, ""playbook_playbook55.asl"": 26, ""playbook_playbook56.asl"": 26, ""playbook_playbook57.asl"": 26, ""playbook_playbook58.asl"": 26, ""playbook_playbook59.asl"": 26, ""playbook_playbook6.asl"": 26, ""playbook_playbook60.asl"": 26, ""playbook_playbook61.asl"": 26, ""playbook_playbook62.asl"": 26, ""playbook_playbook63.asl"": 26, ""playbook_playbook64.asl"": 26, ""playbook_playbook65.asl"": 26, ""playbook_playbook66.asl"": 26, ""playbook_playbook67.asl"": 26, ""playbook_playbook68.asl"": 26, ""playbook_playbook69.asl"": 26, ""playbook_playbook7.asl"": 26, ""playbook_playbook70.asl"": 26, ""playbook_playbook71.asl"": 26, ""playbook_playbook72.asl"": 26, ""playbook_playbook73.asl"": 26, ""playbook_playbook74.asl"": 26, ""playbook_playbook75.asl"": 26, ""playbook_playbook76.asl"": 26, ""playbook_playbook77.asl"": 26, ""playbook_playbook78.asl"": 26, ""playbook_playbook79.asl"": 26, ""playbook_playbook8.asl"": 26, ""playbook_playbook80.asl"": 26, ""playbook_playbook81.asl"": 26, ""playbook_playbook82.asl"": 26, ""playbook_playbook83.asl"": 26, ""playbook_playbook84.asl"": 26, ""playbook_playbook85.asl"": 26, ""playbook_playbook86.asl"": 26, ""playbook_playbook87.asl"": 26, ""playbook_playbook88.asl"": 26, ""playbook_playbook89.asl"": 26, ""playbook_playbook9.asl"": 26, ""playbook_playbook90.asl"": 26, ""playbook_playbook91.asl"": 26, ""playbook_playbook92.asl"": 26, ""playbook_playbook93.asl"": 26, ""playbook_playbook94.asl"": 26, ""playbook_playbook95.asl"": 26, ""playbook_playbook96.asl"": 26, ""playbook_playbook97.asl"": 26, ""playbook_playbook98.asl"": 26, ""playbook_playbook99.asl"": 26, ""director_mainplot.asl"": 726, ""role_mainplot_role0.asl"": 34, ""role_mainplot_role1.asl"": 34, ""role_mainplot_role2.asl"": 34, ""role_mainplot_role3.asl"": 34, ""role_mainplot_role4.asl"": 34, ""role_mainplot_role5.asl"": 34, ""role_mainplot_role6.asl"": 34, ""role_mainplot_role7.asl"": 34, ""role_mainplot_role8.asl"": 34, ""role_mainplot_role9.asl"": 34, ""role_mainplot_role10.asl"": 34, ""role_mainplot_role11.asl"": 34, ""role_mainplot_role12.asl"": 34, ""role_mainplot_role13.asl"": 34, ""role_mainplot_role14.asl"": 34, ""role_mainplot_role15.asl"": 34, ""role_mainplot_role16.asl"": 34, ""role_mainplot_role17.asl"": 34, ""role_mainplot_role18.asl"": 34, ""role_mainplot_role19.asl"": 34, ""role_mainplot_role20.asl"": 34, ""role_mainplot_role21.asl"": 34, ""role_mainplot_role22.asl"": 34, ""role_mainplot_role23.asl"": 34, ""role_mainplot_role24.asl"": 34, ""role_mainplot_role25.asl"": 34, ""role_mainplot_role26.asl"": 34, ""role_mainplot_role27.asl"": 34, ""role_mainplot_role28.asl"": 34, ""role_mainplot_role29.asl"": 34, ""role_mainplot_role30.asl"": 34, ""role_mainplot_role31.asl"": 34, ""role_mainplot_role32.asl"": 34, ""role_mainplot_role33.asl"": 34, ""role_mainplot_role34.asl"": 34, ""role_mainplot_role35.asl"": 34, ""role_mainplot_role36.asl"": 34, ""role_mainplot_role37.asl"": 34, ""role_mainplot_role38.asl"": 34, ""role_mainplot_role39.asl"": 34, ""role_mainplot_role40.asl"": 34, ""role_mainplot_role41.asl"": 34, ""role_mainplot_role42.asl"": 34, ""role_mainplot_role43.asl"": 34, ""role_mainplot_role44.asl"": 34, ""role_mainplot_role45.asl"": 34, ""role_mainplot_role46.asl"": 34, ""role_mainplot_role47.asl"": 34, ""role_mainplot_role48.asl"": 34, ""role_mainplot_role49.asl"": 34, ""role_mainplot_role50.asl"": 34, ""role_mainplot_role51.asl"": 34, ""role_mainplot_role52.asl"": 34, ""role_mainplot_role53.asl"": 34, ""role_mainplot_role54.asl"": 34, ""role_mainplot_role55.asl"": 34, ""role_mainplot_role56.asl"": 34, ""role_mainplot_role57.asl"": 34, ""role_mainplot_role58.asl"": 34, ""role_mainplot_role59.asl"": 34, ""role_mainplot_role60.asl"": 34, ""role_mainplot_role61.asl"": 34, ""role_mainplot_role62.asl"": 34, ""role_mainplot_role63.asl"": 34, ""role_mainplot_role64.asl"": 34, ""role_mainplot_role65.asl"": 34, ""role_mainplot_role66.asl"": 34, ""role_mainplot_role67.asl"": 34, ""role_mainplot_role68.asl"": 34, ""role_mainplot_role69.asl"": 34, ""role_mainplot_role70.asl"": 34, ""role_mainplot_role71.asl"": 34, ""role_mainplot_role72.asl"": 34, ""role_mainplot_role73.asl"": 34, ""role_mainplot_role74.asl"": 34, ""role_mainplot_role75.asl"": 34, ""role_mainplot_role76.asl"": 34, ""role_mainplot_role77.asl"": 34, ""role_mainplot_role78.asl"": 34, ""role_mainplot_role79.asl"": 34, ""role_mainplot_role80.asl"": 34, ""role_mainplot_role81.asl"": 34, ""role_mainplot_role82.asl"": 34, ""role_mainplot_role83.asl"": 34, ""role_mainplot_role84.asl"": 34, ""role_mainplot_role85.asl"": 34, ""role_mainplot_role86.asl"": 34, ""role_mainplot_role87.asl"": 34, ""role_mainplot_role88.asl"": 34, ""role_mainplot_role89.asl"": 34, ""role_mainplot_role90.asl"": 34, ""role_mainplot_role91.asl"": 34, ""role_mainplot_role92.asl"": 34, ""role_mainplot_role93.asl"": 34, ""role_mainplot_role94.asl"": 34, ""role_mainplot_role95.asl"": 34, ""role_mainplot_role96.asl"": 34, ""role_mainplot_role97.asl"": 34, ""role_mainplot_role98.asl"": 34, ""role_mainplot_role99.asl"": 34}",3.0924137931034483,0.09621122099997592,0.0025462209996476304,3.7751245498657227,True,0,0
interaction_roles_playbooks,32,Linux 7.1.9-arch1-2,x86_64,24,30.45,3.14.7,10,10,5,100,2,1,2,100,2,0,0,42,2175,50701,201,6726,"{""playbook_playbook0.asl"": 26, ""playbook_playbook1.asl"": 26, ""playbook_playbook10.asl"": 26, ""playbook_playbook11.asl"": 26, ""playbook_playbook12.asl"": 26, ""playbook_playbook13.asl"": 26, ""playbook_playbook14.asl"": 26, ""playbook_playbook15.asl"": 26, ""playbook_playbook16.asl"": 26, ""playbook_playbook17.asl"": 26, ""playbook_playbook18.asl"": 26, ""playbook_playbook19.asl"": 26, ""playbook_playbook2.asl"": 26, ""playbook_playbook20.asl"": 26, ""playbook_playbook21.asl"": 26, ""playbook_playbook22.asl"": 26, ""playbook_playbook23.asl"": 26, ""playbook_playbook24.asl"": 26, ""playbook_playbook25.asl"": 26, ""playbook_playbook26.asl"": 26, ""playbook_playbook27.asl"": 26, ""playbook_playbook28.asl"": 26, ""playbook_playbook29.asl"": 26, ""playbook_playbook3.asl"": 26, ""playbook_playbook30.asl"": 26, ""playbook_playbook31.asl"": 26, ""playbook_playbook32.asl"": 26, ""playbook_playbook33.asl"": 26, ""playbook_playbook34.asl"": 26, ""playbook_playbook35.asl"": 26, ""playbook_playbook36.asl"": 26, ""playbook_playbook37.asl"": 26, ""playbook_playbook38.asl"": 26, ""playbook_playbook39.asl"": 26, ""playbook_playbook4.asl"": 26, ""playbook_playbook40.asl"": 26, ""playbook_playbook41.asl"": 26, ""playbook_playbook42.asl"": 26, ""playbook_playbook43.asl"": 26, ""playbook_playbook44.asl"": 26, ""playbook_playbook45.asl"": 26, ""playbook_playbook46.asl"": 26, ""playbook_playbook47.asl"": 26, ""playbook_playbook48.asl"": 26, ""playbook_playbook49.asl"": 26, ""playbook_playbook5.asl"": 26, ""playbook_playbook50.asl"": 26, ""playbook_playbook51.asl"": 26, ""playbook_playbook52.asl"": 26, ""playbook_playbook53.asl"": 26, ""playbook_playbook54.asl"": 26, ""playbook_playbook55.asl"": 26, ""playbook_playbook56.asl"": 26, ""playbook_playbook57.asl"": 26, ""playbook_playbook58.asl"": 26, ""playbook_playbook59.asl"": 26, ""playbook_playbook6.asl"": 26, ""playbook_playbook60.asl"": 26, ""playbook_playbook61.asl"": 26, ""playbook_playbook62.asl"": 26, ""playbook_playbook63.asl"": 26, ""playbook_playbook64.asl"": 26, ""playbook_playbook65.asl"": 26, ""playbook_playbook66.asl"": 26, ""playbook_playbook67.asl"": 26, ""playbook_playbook68.asl"": 26, ""playbook_playbook69.asl"": 26, ""playbook_playbook7.asl"": 26, ""playbook_playbook70.asl"": 26, ""playbook_playbook71.asl"": 26, ""playbook_playbook72.asl"": 26, ""playbook_playbook73.asl"": 26, ""playbook_playbook74.asl"": 26, ""playbook_playbook75.asl"": 26, ""playbook_playbook76.asl"": 26, ""playbook_playbook77.asl"": 26, ""playbook_playbook78.asl"": 26, ""playbook_playbook79.asl"": 26, ""playbook_playbook8.asl"": 26, ""playbook_playbook80.asl"": 26, ""playbook_playbook81.asl"": 26, ""playbook_playbook82.asl"": 26, ""playbook_playbook83.asl"": 26, ""playbook_playbook84.asl"": 26, ""playbook_playbook85.asl"": 26, ""playbook_playbook86.asl"": 26, ""playbook_playbook87.asl"": 26, ""playbook_playbook88.asl"": 26, ""playbook_playbook89.asl"": 26, ""playbook_playbook9.asl"": 26, ""playbook_playbook90.asl"": 26, ""playbook_playbook91.asl"": 26, ""playbook_playbook92.asl"": 26, ""playbook_playbook93.asl"": 26, ""playbook_playbook94.asl"": 26, ""playbook_playbook95.asl"": 26, ""playbook_playbook96.asl"": 26, ""playbook_playbook97.asl"": 26, ""playbook_playbook98.asl"": 26, ""playbook_playbook99.asl"": 26, ""director_mainplot.asl"": 726, ""role_mainplot_role0.asl"": 34, ""role_mainplot_role1.asl"": 34, ""role_mainplot_role2.asl"": 34, ""role_mainplot_role3.asl"": 34, ""role_mainplot_role4.asl"": 34, ""role_mainplot_role5.asl"": 34, ""role_mainplot_role6.asl"": 34, ""role_mainplot_role7.asl"": 34, ""role_mainplot_role8.asl"": 34, ""role_mainplot_role9.asl"": 34, ""role_mainplot_role10.asl"": 34, ""role_mainplot_role11.asl"": 34, ""role_mainplot_role12.asl"": 34, ""role_mainplot_role13.asl"": 34, ""role_mainplot_role14.asl"": 34, ""role_mainplot_role15.asl"": 34, ""role_mainplot_role16.asl"": 34, ""role_mainplot_role17.asl"": 34, ""role_mainplot_role18.asl"": 34, ""role_mainplot_role19.asl"": 34, ""role_mainplot_role20.asl"": 34, ""role_mainplot_role21.asl"": 34, ""role_mainplot_role22.asl"": 34, ""role_mainplot_role23.asl"": 34, ""role_mainplot_role24.asl"": 34, ""role_mainplot_role25.asl"": 34, ""role_mainplot_role26.asl"": 34, ""role_mainplot_role27.asl"": 34, ""role_mainplot_role28.asl"": 34, ""role_mainplot_role29.asl"": 34, ""role_mainplot_role30.asl"": 34, ""role_mainplot_role31.asl"": 34, ""role_mainplot_role32.asl"": 34, ""role_mainplot_role33.asl"": 34, ""role_mainplot_role34.asl"": 34, ""role_mainplot_role35.asl"": 34, ""role_mainplot_role36.asl"": 34, ""role_mainplot_role37.asl"": 34, ""role_mainplot_role38.asl"": 34, ""role_mainplot_role39.asl"": 34, ""role_mainplot_role40.asl"": 34, ""role_mainplot_role41.asl"": 34, ""role_mainplot_role42.asl"": 34, ""role_mainplot_role43.asl"": 34, ""role_mainplot_role44.asl"": 34, ""role_mainplot_role45.asl"": 34, ""role_mainplot_role46.asl"": 34, ""role_mainplot_role47.asl"": 34, ""role_mainplot_role48.asl"": 34, ""role_mainplot_role49.asl"": 34, ""role_mainplot_role50.asl"": 34, ""role_mainplot_role51.asl"": 34, ""role_mainplot_role52.asl"": 34, ""role_mainplot_role53.asl"": 34, ""role_mainplot_role54.asl"": 34, ""role_mainplot_role55.asl"": 34, ""role_mainplot_role56.asl"": 34, ""role_mainplot_role57.asl"": 34, ""role_mainplot_role58.asl"": 34, ""role_mainplot_role59.asl"": 34, ""role_mainplot_role60.asl"": 34, ""role_mainplot_role61.asl"": 34, ""role_mainplot_role62.asl"": 34, ""role_mainplot_role63.asl"": 34, ""role_mainplot_role64.asl"": 34, ""role_mainplot_role65.asl"": 34, ""role_mainplot_role66.asl"": 34, ""role_mainplot_role67.asl"": 34, ""role_mainplot_role68.asl"": 34, ""role_mainplot_role69.asl"": 34, ""role_mainplot_role70.asl"": 34, ""role_mainplot_role71.asl"": 34, ""role_mainplot_role72.asl"": 34, ""role_mainplot_role73.asl"": 34, ""role_mainplot_role74.asl"": 34, ""role_mainplot_role75.asl"": 34, ""role_mainplot_role76.asl"": 34, ""role_mainplot_role77.asl"": 34, ""role_mainplot_role78.asl"": 34, ""role_mainplot_role79.asl"": 34, ""role_mainplot_role80.asl"": 34, ""role_mainplot_role81.asl"": 34, ""role_mainplot_role82.asl"": 34, ""role_mainplot_role83.asl"": 34, ""role_mainplot_role84.asl"": 34, ""role_mainplot_role85.asl"": 34, ""role_mainplot_role86.asl"": 34, ""role_mainplot_role87.asl"": 34, ""role_mainplot_role88.asl"": 34, ""role_mainplot_role89.asl"": 34, ""role_mainplot_role90.asl"": 34, ""role_mainplot_role91.asl"": 34, ""role_mainplot_role92.asl"": 34, ""role_mainplot_role93.asl"": 34, ""role_mainplot_role94.asl"": 34, ""role_mainplot_role95.asl"": 34, ""role_mainplot_role96.asl"": 34, ""role_mainplot_role97.asl"": 34, ""role_mainplot_role98.asl"": 34, ""role_mainplot_role99.asl"": 34}",3.0924137931034483,0.11792461500226636,0.0025879409986373503,3.777031898498535,True,0,0
interaction_roles_playbooks,33,Linux 7.1.9-arch1-2,x86_64,24,30.45,3.14.7,10,10,5,100,2,1,2,100,2,0,0,42,2175,50701,201,6726,"{""playbook_playbook0.asl"": 26, ""playbook_playbook1.asl"": 26, ""playbook_playbook10.asl"": 26, ""playbook_playbook11.asl"": 26, ""playbook_playbook12.asl"": 26, ""playbook_playbook13.asl"": 26, ""playbook_playbook14.asl"": 26, ""playbook_playbook15.asl"": 26, ""playbook_playbook16.asl"": 26, ""playbook_playbook17.asl"": 26, ""playbook_playbook18.asl"": 26, ""playbook_playbook19.asl"": 26, ""playbook_playbook2.asl"": 26, ""playbook_playbook20.asl"": 26, ""playbook_playbook21.asl"": 26, ""playbook_playbook22.asl"": 26, ""playbook_playbook23.asl"": 26, ""playbook_playbook24.asl"": 26, ""playbook_playbook25.asl"": 26, ""playbook_playbook26.asl"": 26, ""playbook_playbook27.asl"": 26, ""playbook_playbook28.asl"": 26, ""playbook_playbook29.asl"": 26, ""playbook_playbook3.asl"": 26, ""playbook_playbook30.asl"": 26, ""playbook_playbook31.asl"": 26, ""playbook_playbook32.asl"": 26, ""playbook_playbook33.asl"": 26, ""playbook_playbook34.asl"": 26, ""playbook_playbook35.asl"": 26, ""playbook_playbook36.asl"": 26, ""playbook_playbook37.asl"": 26, ""playbook_playbook38.asl"": 26, ""playbook_playbook39.asl"": 26, ""playbook_playbook4.asl"": 26, ""playbook_playbook40.asl"": 26, ""playbook_playbook41.asl"": 26, ""playbook_playbook42.asl"": 26, ""playbook_playbook43.asl"": 26, ""playbook_playbook44.asl"": 26, ""playbook_playbook45.asl"": 26, ""playbook_playbook46.asl"": 26, ""playbook_playbook47.asl"": 26, ""playbook_playbook48.asl"": 26, ""playbook_playbook49.asl"": 26, ""playbook_playbook5.asl"": 26, ""playbook_playbook50.asl"": 26, ""playbook_playbook51.asl"": 26, ""playbook_playbook52.asl"": 26, ""playbook_playbook53.asl"": 26, ""playbook_playbook54.asl"": 26, ""playbook_playbook55.asl"": 26, ""playbook_playbook56.asl"": 26, ""playbook_playbook57.asl"": 26, ""playbook_playbook58.asl"": 26, ""playbook_playbook59.asl"": 26, ""playbook_playbook6.asl"": 26, ""playbook_playbook60.asl"": 26, ""playbook_playbook61.asl"": 26, ""playbook_playbook62.asl"": 26, ""playbook_playbook63.asl"": 26, ""playbook_playbook64.asl"": 26, ""playbook_playbook65.asl"": 26, ""playbook_playbook66.asl"": 26, ""playbook_playbook67.asl"": 26, ""playbook_playbook68.asl"": 26, ""playbook_playbook69.asl"": 26, ""playbook_playbook7.asl"": 26, ""playbook_playbook70.asl"": 26, ""playbook_playbook71.asl"": 26, ""playbook_playbook72.asl"": 26, ""playbook_playbook73.asl"": 26, ""playbook_playbook74.asl"": 26, ""playbook_playbook75.asl"": 26, ""playbook_playbook76.asl"": 26, ""playbook_playbook77.asl"": 26, ""playbook_playbook78.asl"": 26, ""playbook_playbook79.asl"": 26, ""playbook_playbook8.asl"": 26, ""playbook_playbook80.asl"": 26, ""playbook_playbook81.asl"": 26, ""playbook_playbook82.asl"": 26, ""playbook_playbook83.asl"": 26, ""playbook_playbook84.asl"": 26, ""playbook_playbook85.asl"": 26, ""playbook_playbook86.asl"": 26, ""playbook_playbook87.asl"": 26, ""playbook_playbook88.asl"": 26, ""playbook_playbook89.asl"": 26, ""playbook_playbook9.asl"": 26, ""playbook_playbook90.asl"": 26, ""playbook_playbook91.asl"": 26, ""playbook_playbook92.asl"": 26, ""playbook_playbook93.asl"": 26, ""playbook_playbook94.asl"": 26, ""playbook_playbook95.asl"": 26, ""playbook_playbook96.asl"": 26, ""playbook_playbook97.asl"": 26, ""playbook_playbook98.asl"": 26, ""playbook_playbook99.asl"": 26, ""director_mainplot.asl"": 726, ""role_mainplot_role0.asl"": 34, ""role_mainplot_role1.asl"": 34, ""role_mainplot_role2.asl"": 34, ""role_mainplot_role3.asl"": 34, ""role_mainplot_role4.asl"": 34, ""role_mainplot_role5.asl"": 34, ""role_mainplot_role6.asl"": 34, ""role_mainplot_role7.asl"": 34, ""role_mainplot_role8.asl"": 34, ""role_mainplot_role9.asl"": 34, ""role_mainplot_role10.asl"": 34, ""role_mainplot_role11.asl"": 34, ""role_mainplot_role12.asl"": 34, ""role_mainplot_role13.asl"": 34, ""role_mainplot_role14.asl"": 34, ""role_mainplot_role15.asl"": 34, ""role_mainplot_role16.asl"": 34, ""role_mainplot_role17.asl"": 34, ""role_mainplot_role18.asl"": 34, ""role_mainplot_role19.asl"": 34, ""role_mainplot_role20.asl"": 34, ""role_mainplot_role21.asl"": 34, ""role_mainplot_role22.asl"": 34, ""role_mainplot_role23.asl"": 34, ""role_mainplot_role24.asl"": 34, ""role_mainplot_role25.asl"": 34, ""role_mainplot_role26.asl"": 34, ""role_mainplot_role27.asl"": 34, ""role_mainplot_role28.asl"": 34, ""role_mainplot_role29.asl"": 34, ""role_mainplot_role30.asl"": 34, ""role_mainplot_role31.asl"": 34, ""role_mainplot_role32.asl"": 34, ""role_mainplot_role33.asl"": 34, ""role_mainplot_role34.asl"": 34, ""role_mainplot_role35.asl"": 34, ""role_mainplot_role36.asl"": 34, ""role_mainplot_role37.asl"": 34, ""role_mainplot_role38.asl"": 34, ""role_mainplot_role39.asl"": 34, ""role_mainplot_role40.asl"": 34, ""role_mainplot_role41.asl"": 34, ""role_mainplot_role42.asl"": 34, ""role_mainplot_role43.asl"": 34, ""role_mainplot_role44.asl"": 34, ""role_mainplot_role45.asl"": 34, ""role_mainplot_role46.asl"": 34, ""role_mainplot_role47.asl"": 34, ""role_mainplot_role48.asl"": 34, ""role_mainplot_role49.asl"": 34, ""role_mainplot_role50.asl"": 34, ""role_mainplot_role51.asl"": 34, ""role_mainplot_role52.asl"": 34, ""role_mainplot_role53.asl"": 34, ""role_mainplot_role54.asl"": 34, ""role_mainplot_role55.asl"": 34, ""role_mainplot_role56.asl"": 34, ""role_mainplot_role57.asl"": 34, ""role_mainplot_role58.asl"": 34, ""role_mainplot_role59.asl"": 34, ""role_mainplot_role60.asl"": 34, ""role_mainplot_role61.asl"": 34, ""role_mainplot_role62.asl"": 34, ""role_mainplot_role63.asl"": 34, ""role_mainplot_role64.asl"": 34, ""role_mainplot_role65.asl"": 34, ""role_mainplot_role66.asl"": 34, ""role_mainplot_role67.asl"": 34, ""role_mainplot_role68.asl"": 34, ""role_mainplot_role69.asl"": 34, ""role_mainplot_role70.asl"": 34, ""role_mainplot_role71.asl"": 34, ""role_mainplot_role72.asl"": 34, ""role_mainplot_role73.asl"": 34, ""role_mainplot_role74.asl"": 34, ""role_mainplot_role75.asl"": 34, ""role_mainplot_role76.asl"": 34, ""role_mainplot_role77.asl"": 34, ""role_mainplot_role78.asl"": 34, ""role_mainplot_role79.asl"": 34, ""role_mainplot_role80.asl"": 34, ""role_mainplot_role81.asl"": 34, ""role_mainplot_role82.asl"": 34, ""role_mainplot_role83.asl"": 34, ""role_mainplot_role84.asl"": 34, ""role_mainplot_role85.asl"": 34, ""role_mainplot_role86.asl"": 34, ""role_mainplot_role87.asl"": 34, ""role_mainplot_role88.asl"": 34, ""role_mainplot_role89.asl"": 34, ""role_mainplot_role90.asl"": 34, ""role_mainplot_role91.asl"": 34, ""role_mainplot_role92.asl"": 34, ""role_mainplot_role93.asl"": 34, ""role_mainplot_role94.asl"": 34, ""role_mainplot_role95.asl"": 34, ""role_mainplot_role96.asl"": 34, ""role_mainplot_role97.asl"": 34, ""role_mainplot_role98.asl"": 34, ""role_mainplot_role99.asl"": 34}",3.0924137931034483,0.10134227300295606,0.0025499509974906687,3.7751245498657227,True,0,0
interaction_roles_playbooks,34,Linux 7.1.9-arch1-2,x86_64,24,30.45,3.14.7,10,10,5,100,2,1,2,100,2,0,0,42,2175,50701,201,6726,"{""playbook_playbook0.asl"": 26, ""playbook_playbook1.asl"": 26, ""playbook_playbook10.asl"": 26, ""playbook_playbook11.asl"": 26, ""playbook_playbook12.asl"": 26, ""playbook_playbook13.asl"": 26, ""playbook_playbook14.asl"": 26, ""playbook_playbook15.asl"": 26, ""playbook_playbook16.asl"": 26, ""playbook_playbook17.asl"": 26, ""playbook_playbook18.asl"": 26, ""playbook_playbook19.asl"": 26, ""playbook_playbook2.asl"": 26, ""playbook_playbook20.asl"": 26, ""playbook_playbook21.asl"": 26, ""playbook_playbook22.asl"": 26, ""playbook_playbook23.asl"": 26, ""playbook_playbook24.asl"": 26, ""playbook_playbook25.asl"": 26, ""playbook_playbook26.asl"": 26, ""playbook_playbook27.asl"": 26, ""playbook_playbook28.asl"": 26, ""playbook_playbook29.asl"": 26, ""playbook_playbook3.asl"": 26, ""playbook_playbook30.asl"": 26, ""playbook_playbook31.asl"": 26, ""playbook_playbook32.asl"": 26, ""playbook_playbook33.asl"": 26, ""playbook_playbook34.asl"": 26, ""playbook_playbook35.asl"": 26, ""playbook_playbook36.asl"": 26, ""playbook_playbook37.asl"": 26, ""playbook_playbook38.asl"": 26, ""playbook_playbook39.asl"": 26, ""playbook_playbook4.asl"": 26, ""playbook_playbook40.asl"": 26, ""playbook_playbook41.asl"": 26, ""playbook_playbook42.asl"": 26, ""playbook_playbook43.asl"": 26, ""playbook_playbook44.asl"": 26, ""playbook_playbook45.asl"": 26, ""playbook_playbook46.asl"": 26, ""playbook_playbook47.asl"": 26, ""playbook_playbook48.asl"": 26, ""playbook_playbook49.asl"": 26, ""playbook_playbook5.asl"": 26, ""playbook_playbook50.asl"": 26, ""playbook_playbook51.asl"": 26, ""playbook_playbook52.asl"": 26, ""playbook_playbook53.asl"": 26, ""playbook_playbook54.asl"": 26, ""playbook_playbook55.asl"": 26, ""playbook_playbook56.asl"": 26, ""playbook_playbook57.asl"": 26, ""playbook_playbook58.asl"": 26, ""playbook_playbook59.asl"": 26, ""playbook_playbook6.asl"": 26, ""playbook_playbook60.asl"": 26, ""playbook_playbook61.asl"": 26, ""playbook_playbook62.asl"": 26, ""playbook_playbook63.asl"": 26, ""playbook_playbook64.asl"": 26, ""playbook_playbook65.asl"": 26, ""playbook_playbook66.asl"": 26, ""playbook_playbook67.asl"": 26, ""playbook_playbook68.asl"": 26, ""playbook_playbook69.asl"": 26, ""playbook_playbook7.asl"": 26, ""playbook_playbook70.asl"": 26, ""playbook_playbook71.asl"": 26, ""playbook_playbook72.asl"": 26, ""playbook_playbook73.asl"": 26, ""playbook_playbook74.asl"": 26, ""playbook_playbook75.asl"": 26, ""playbook_playbook76.asl"": 26, ""playbook_playbook77.asl"": 26, ""playbook_playbook78.asl"": 26, ""playbook_playbook79.asl"": 26, ""playbook_playbook8.asl"": 26, ""playbook_playbook80.asl"": 26, ""playbook_playbook81.asl"": 26, ""playbook_playbook82.asl"": 26, ""playbook_playbook83.asl"": 26, ""playbook_playbook84.asl"": 26, ""playbook_playbook85.asl"": 26, ""playbook_playbook86.asl"": 26, ""playbook_playbook87.asl"": 26, ""playbook_playbook88.asl"": 26, ""playbook_playbook89.asl"": 26, ""playbook_playbook9.asl"": 26, ""playbook_playbook90.asl"": 26, ""playbook_playbook91.asl"": 26, ""playbook_playbook92.asl"": 26, ""playbook_playbook93.asl"": 26, ""playbook_playbook94.asl"": 26, ""playbook_playbook95.asl"": 26, ""playbook_playbook96.asl"": 26, ""playbook_playbook97.asl"": 26, ""playbook_playbook98.asl"": 26, ""playbook_playbook99.asl"": 26, ""director_mainplot.asl"": 726, ""role_mainplot_role0.asl"": 34, ""role_mainplot_role1.asl"": 34, ""role_mainplot_role2.asl"": 34, ""role_mainplot_role3.asl"": 34, ""role_mainplot_role4.asl"": 34, ""role_mainplot_role5.asl"": 34, ""role_mainplot_role6.asl"": 34, ""role_mainplot_role7.asl"": 34, ""role_mainplot_role8.asl"": 34, ""role_mainplot_role9.asl"": 34, ""role_mainplot_role10.asl"": 34, ""role_mainplot_role11.asl"": 34, ""role_mainplot_role12.asl"": 34, ""role_mainplot_role13.asl"": 34, ""role_mainplot_role14.asl"": 34, ""role_mainplot_role15.asl"": 34, ""role_mainplot_role16.asl"": 34, ""role_mainplot_role17.asl"": 34, ""role_mainplot_role18.asl"": 34, ""role_mainplot_role19.asl"": 34, ""role_mainplot_role20.asl"": 34, ""role_mainplot_role21.asl"": 34, ""role_mainplot_role22.asl"": 34, ""role_mainplot_role23.asl"": 34, ""role_mainplot_role24.asl"": 34, ""role_mainplot_role25.asl"": 34, ""role_mainplot_role26.asl"": 34, ""role_mainplot_role27.asl"": 34, ""role_mainplot_role28.asl"": 34, ""role_mainplot_role29.asl"": 34, ""role_mainplot_role30.asl"": 34, ""role_mainplot_role31.asl"": 34, ""role_mainplot_role32.asl"": 34, ""role_mainplot_role33.asl"": 34, ""role_mainplot_role34.asl"": 34, ""role_mainplot_role35.asl"": 34, ""role_mainplot_role36.asl"": 34, ""role_mainplot_role37.asl"": 34, ""role_mainplot_role38.asl"": 34, ""role_mainplot_role39.asl"": 34, ""role_mainplot_role40.asl"": 34, ""role_mainplot_role41.asl"": 34, ""role_mainplot_role42.asl"": 34, ""role_mainplot_role43.asl"": 34, ""role_mainplot_role44.asl"": 34, ""role_mainplot_role45.asl"": 34, ""role_mainplot_role46.asl"": 34, ""role_mainplot_role47.asl"": 34, ""role_mainplot_role48.asl"": 34, ""role_mainplot_role49.asl"": 34, ""role_mainplot_role50.asl"": 34, ""role_mainplot_role51.asl"": 34, ""role_mainplot_role52.asl"": 34, ""role_mainplot_role53.asl"": 34, ""role_mainplot_role54.asl"": 34, ""role_mainplot_role55.asl"": 34, ""role_mainplot_role56.asl"": 34, ""role_mainplot_role57.asl"": 34, ""role_mainplot_role58.asl"": 34, ""role_mainplot_role59.asl"": 34, ""role_mainplot_role60.asl"": 34, ""role_mainplot_role61.asl"": 34, ""role_mainplot_role62.asl"": 34, ""role_mainplot_role63.asl"": 34, ""role_mainplot_role64.asl"": 34, ""role_mainplot_role65.asl"": 34, ""role_mainplot_role66.asl"": 34, ""role_mainplot_role67.asl"": 34, ""role_mainplot_role68.asl"": 34, ""role_mainplot_role69.asl"": 34, ""role_mainplot_role70.asl"": 34, ""role_mainplot_role71.asl"": 34, ""role_mainplot_role72.asl"": 34, ""role_mainplot_role73.asl"": 34, ""role_mainplot_role74.asl"": 34, ""role_mainplot_role75.asl"": 34, ""role_mainplot_role76.asl"": 34, ""role_mainplot_role77.asl"": 34, ""role_mainplot_role78.asl"": 34, ""role_mainplot_role79.asl"": 34, ""role_mainplot_role80.asl"": 34, ""role_mainplot_role81.asl"": 34, ""role_mainplot_role82.asl"": 34, ""role_mainplot_role83.asl"": 34, ""role_mainplot_role84.asl"": 34, ""role_mainplot_role85.asl"": 34, ""role_mainplot_role86.asl"": 34, ""role_mainplot_role87.asl"": 34, ""role_mainplot_role88.asl"": 34, ""role_mainplot_role89.asl"": 34, ""role_mainplot_role90.asl"": 34, ""role_mainplot_role91.asl"": 34, ""role_mainplot_role92.asl"": 34, ""role_mainplot_role93.asl"": 34, ""role_mainplot_role94.asl"": 34, ""role_mainplot_role95.asl"": 34, ""role_mainplot_role96.asl"": 34, ""role_mainplot_role97.asl"": 34, ""role_mainplot_role98.asl"": 34, ""role_mainplot_role99.asl"": 34}",3.0924137931034483,0.0984321430005366,0.002682960999663919,3.7751245498657227,True,0,0
