item,label,construct,Strongly Disagree,Disagree,Neutral,Agree,Strongly Agree,DK,n_valid,median,q1,q3,top2box,net_agreement,net_lo,net_hi,p_wilcoxon,effect_r,p_holm
L02,appropriateness,Functional suitability,0,0,1,12,7,1,20,4.0,4.0,5.0,95.0,95.0,85.0,100.0,7.412694073244423e-05,0.8860722131644512,0.0011119041109866634
L01,completeness,Functional suitability,0,0,3,13,4,1,20,4.0,4.0,4.0,85.0,85.0,70.0,100.0,0.00012950772090464363,0.8558310630671445,0.0018131080926650108
L14,methodology fit,Compatibility,0,1,1,12,5,2,19,4.0,4.0,4.5,89.47368421052632,84.21052631578947,57.89473684210527,100.0,0.0003360195026145452,0.8226437366890111,0.004368253533989088
L15,expressive power,Functional suitability,1,0,3,10,6,1,20,4.0,4.0,5.0,80.0,75.0,50.0,95.0,0.0022529170719469173,0.6830499112423145,0.01802333657557534
L12,necessity,Language design,0,1,2,8,5,5,16,4.0,4.0,5.0,81.25,75.0,43.75,100.0,0.001999206017590802,0.7725875577509222,0.017992854158317216
L11,orthogonality,Language design,0,2,1,10,7,1,20,4.0,4.0,5.0,85.0,75.0,44.99999999999999,100.0,0.0006253371037839423,0.7648202260998421,0.007504045245407307
L05,efficiency (steps),Usability,0,0,5,8,6,2,19,4.0,3.5,5.0,73.68421052631578,73.68421052631578,52.63157894736842,89.47368421052632,0.0006817102933708383,0.7792865001991967,0.007504045245407307
L06,likeability,Usability,0,1,4,10,5,1,20,4.0,3.75,4.25,75.0,70.0,44.99999999999999,90.0,0.000829328795908297,0.7474763743641387,0.00829328795908297
L13,conflict-freedom,Language design,0,1,4,7,4,5,16,4.0,3.0,4.25,68.75,62.5,31.25,87.5,0.0049557323172779045,0.7024743050487552,0.03469012622094533
L03,comprehensibility,Perceived comprehension,1,2,3,11,4,0,21,4.0,3.0,4.0,71.42857142857143,57.14285714285714,23.809523809523807,85.71428571428572,0.011238371166283026,0.5532256082867165,0.05619185583141513
L04,learnability,Perceived comprehension,1,3,1,8,8,0,21,4.0,4.0,5.0,76.19047619047619,57.14285714285714,23.809523809523807,90.47619047619047,0.006280011596667797,0.5963439463034474,0.03768006958000678
L09,design scalability,Maintainability,0,2,7,9,2,1,20,4.0,3.0,4.0,55.00000000000001,45.00000000000001,14.999999999999996,75.0,0.011831666473446547,0.5628463804527027,0.05619185583141513
L08,correctness,Reliability,0,3,7,8,2,1,20,3.5,3.0,4.0,50.0,35.0,0.0,65.0,0.0388004368700973,0.4620380735059501,0.11640131061029191
L10,uniqueness,Language design,2,5,3,5,2,4,17,3.0,2.0,4.0,41.17647058823529,0.0,-41.1764705882353,41.1764705882353,1.0,0.0,1.0
L07,error protection,Reliability,1,5,11,2,1,1,20,3.0,2.0,3.0,15.0,-15.0,-45.0,15.0,0.4536952997039291,0.16754156331667822,0.9073905994078582
