input_loc,Narrative-heavy,Reactive-heavy,gap_pct
100.0,15.827247236859519,16.1269939981132,1.8938654130303316
109.37857106327009,14.147109077464567,15.242303134646749,7.741468954436462
119.63671807842812,12.942157415581782,14.357612271180306,10.936776691453153
130.85693270117758,13.17345498261372,13.66016596968918,3.6946343060178175
143.12944312577304,13.404752549645657,13.949926667654452,4.067021125453048
156.55293966178638,13.636050116677595,14.239687365619725,4.426774936855435
171.2353683596052,13.867347683709529,14.529448063584994,4.774527869184805
187.29479906666305,14.098645250741466,14.819208761550266,5.110870569432227
204.86037489493896,14.329942817773404,15.108969459515539,5.436355550392773
224.0733507349423,14.661664606264209,15.398730157480811,5.027161451379065
245.08822916746902,15.031748598930367,15.68849085544608,4.369034328863415
268.07400290765037,15.401832591596529,15.978251553411353,3.7425349119125375
293.21551377249705,15.77191658426269,16.268012251376625,3.145436792437397
320.71493910018285,16.142000576928847,16.557772949341896,2.575717739765765
350.79341757421685,16.51208456959501,16.643114655981588,0.7935405480411171
383.6928275266885,16.88216856226117,16.702237428805404,1.0772876042670194
419.67773202094935,17.25225255492733,16.761360201629223,2.928714301184175
459.03750635525427,17.622336547593495,16.82048297445304,4.7671257380558645
502.0886650958442,17.84769599863404,16.879605747276855,5.735265774873714
549.1774073524821,17.8431159952908,16.93872852010067,5.33916978548253
600.6824007644587,17.838535991947555,16.997851292924487,4.945829237681418
657.0178265847097,17.833955988604313,17.056974065748303,4.555215478789102
718.6367103493093,17.82937598526107,17.11609683857212,4.16730025201502
786.0345649161657,17.82479598191783,17.175219611395935,3.7820556896454174
859.753375168694,17.820215978574588,17.23434238421975,3.3994543063695843
940.385956427752,17.815635975231345,17.293465157043567,3.0194689927431906
1028.580721620341,17.811055971888102,17.355626708028367,2.6241015177461846
1125.0468955406006,17.80647596854486,17.428922647783697,2.166245891332663
1230.5602181339887,17.80189596520162,17.502218587539023,1.7122250882865624
1345.9691826680162,17.797315961858377,17.575514527294352,1.2619911310111154
1472.2018589542515,17.792735958515134,17.64881046704968,0.815496838918189
1610.273356491059,17.87967786975662,17.72210640680501,0.8891237832264878
1761.2939875424777,17.9764010843731,17.79540234656034,1.0171095560969206
1926.4781957972502,18.073124298989583,17.86869828631567,1.1440453546102358
2107.1543224084985,18.169847513606065,17.941994226071,1.2699440467101395
2304.7752879483446,18.266570728222547,18.015290165826325,1.3948182909253508
2520.930276177268,18.36329394283903,18.088586105581655,1.5186805406123278
2757.3575135840433,18.46001715745551,18.161882045336984,1.641543048095457
3015.95824746394,18.556740372071992,18.235177985092314,1.763417868707196
3298.8120349409005,18.653463586688474,18.308473924847643,1.884316864731269
3608.193465881539,18.750186801304956,18.381769864602973,2.0042517092515064
3946.5904541795026,18.846910015921438,18.471869226840226,2.030334799773619
4316.724244500961,18.94363323053792,18.571726414145072,2.0025430490381684
4721.571295376887,19.0403564451544,18.67158360144992,1.9750485635071882
5164.3872146167705,19.137079659770883,18.77144078875477,1.9478465991547806
5648.732939522039,19.233802874387365,18.871297976059616,1.9209325123668126
6178.503372429458,19.330526089003847,18.971155163364465,1.894301757298205
6757.958701859294,19.42724930362033,19.071012350669314,1.8679498833134178
7391.758661139605,19.52397251823681,19.17086953797416,1.8418725325067582
8085.000000000003,19.620695732853292,19.270726725279008,1.8160654372997815
