rater,respondent,item,unit,code,unit_desc,misconceptions,flag,response
B,2,O1,U1,,triggered by the digestion_check event,,,"When the ""digestion_check"" event is triggered, if a specific agent participating in the playbook is hungry, it eats and updates its internal state to reflect that it is satiated. Additionally, the completion of the meal is logged."
B,2,O1,U2,,"applies to agents assigned NobleSocializing (role/playbook scope, not one guest)",,,
B,2,O1,U3,,body guarded by the is_hungry fact,,,
B,2,O1,U4,,eat_food executes when the guard holds,,,
B,2,O1,U5,,FORGET retracts the is_hungry belief,,,
B,2,O1,U6,,PRINT emits the message,,,
B,2,O1,U7,,nothing happens when the guard is false (no else branch),,,
B,4,O1,U1,,triggered by the digestion_check event,,,"When the agent checks its satiety, checks its facts to see if it is hungry, and if true it eats, then remove that fact and print a message"
B,4,O1,U2,,"applies to agents assigned NobleSocializing (role/playbook scope, not one guest)",,,
B,4,O1,U3,,body guarded by the is_hungry fact,,,
B,4,O1,U4,,eat_food executes when the guard holds,,,
B,4,O1,U5,,FORGET retracts the is_hungry belief,,,
B,4,O1,U6,,PRINT emits the message,,,
B,4,O1,U7,,nothing happens when the guard is false (no else branch),,,
B,6,O1,U1,,triggered by the digestion_check event,,,"When a ""digestion_check"" happens, whoever has this plan assigned to them will check if they're hungry. If so, they'll eat, change their state and will print somewhere ""A guest finishes their meal""."
B,6,O1,U2,,"applies to agents assigned NobleSocializing (role/playbook scope, not one guest)",,,
B,6,O1,U3,,body guarded by the is_hungry fact,,,
B,6,O1,U4,,eat_food executes when the guard holds,,,
B,6,O1,U5,,FORGET retracts the is_hungry belief,,,
B,6,O1,U6,,PRINT emits the message,,,
B,6,O1,U7,,nothing happens when the guard is false (no else branch),,,
B,8,O1,U1,,triggered by the digestion_check event,,,"If the event ""digestion_check"" is triggered, the agent/npc/player that has knowledge of this event, checks if the condition ""is_hungry"" is valid. If it is then eats the food present and forgets that is hungry. It then triggers a DO PRINT to acknowledge that a guest has finished is meal."
B,8,O1,U2,,"applies to agents assigned NobleSocializing (role/playbook scope, not one guest)",,,
B,8,O1,U3,,body guarded by the is_hungry fact,,,
B,8,O1,U4,,eat_food executes when the guard holds,,,
B,8,O1,U5,,FORGET retracts the is_hungry belief,,,
B,8,O1,U6,,PRINT emits the message,,,
B,8,O1,U7,,nothing happens when the guard is false (no else branch),,,
B,11,O1,U1,,triggered by the digestion_check event,,,"When a character receives the EVENT digestion_check, if he is hungry, he will eat, forget to be hungry, and print a message."
B,11,O1,U2,,"applies to agents assigned NobleSocializing (role/playbook scope, not one guest)",,,
B,11,O1,U3,,body guarded by the is_hungry fact,,,
B,11,O1,U4,,eat_food executes when the guard holds,,,
B,11,O1,U5,,FORGET retracts the is_hungry belief,,,
B,11,O1,U6,,PRINT emits the message,,,
B,11,O1,U7,,nothing happens when the guard is false (no else branch),,,
B,13,O1,U1,,triggered by the digestion_check event,,,"When the digestion_check event is triggered, the agent evaluates whether it is_hungry: if true, it eats food (DO eat_food), removes the hunger from its knowledge base (DO FORGET(is_hungry))"
B,13,O1,U2,,"applies to agents assigned NobleSocializing (role/playbook scope, not one guest)",,,
B,13,O1,U3,,body guarded by the is_hungry fact,,,
B,13,O1,U4,,eat_food executes when the guard holds,,,
B,13,O1,U5,,FORGET retracts the is_hungry belief,,,
B,13,O1,U6,,PRINT emits the message,,,
B,13,O1,U7,,nothing happens when the guard is false (no else branch),,,
B,15,O1,U1,,triggered by the digestion_check event,,,"When the digestion_check event is triggered, if the fact is_hungry is true for the NobleSocializing agent, then the same agent triggers the action eat_food and the fact is_hungry is no longer true for him."
B,15,O1,U2,,"applies to agents assigned NobleSocializing (role/playbook scope, not one guest)",,,
B,15,O1,U3,,body guarded by the is_hungry fact,,,
B,15,O1,U4,,eat_food executes when the guard holds,,,
B,15,O1,U5,,FORGET retracts the is_hungry belief,,,
B,15,O1,U6,,PRINT emits the message,,,
B,15,O1,U7,,nothing happens when the guard is false (no else branch),,,
B,17,O1,U1,,triggered by the digestion_check event,,,"When the digestion_check event occurs, if the agent is hungry, it executes the action eat_food, it removes the fact is_hungry at the plot level for the agent and the Regia ""narrative layer"" prints ""A guest finishes their meal"""
B,17,O1,U2,,"applies to agents assigned NobleSocializing (role/playbook scope, not one guest)",,,
B,17,O1,U3,,body guarded by the is_hungry fact,,,
B,17,O1,U4,,eat_food executes when the guard holds,,,
B,17,O1,U5,,FORGET retracts the is_hungry belief,,,
B,17,O1,U6,,PRINT emits the message,,,
B,17,O1,U7,,nothing happens when the guard is false (no else branch),,,
B,20,O1,U1,,triggered by the digestion_check event,,,"When the digestion_check event is thrown as a signal, every agent that were assigned the NobleSocializing playbook, checks if they have the is_hungry fact, if they do they eat_food, forget the is_hungry fact so that they cannot eat again until they're hungry again and then a message is printed letting us know that a guest finished their meal."
B,20,O1,U2,,"applies to agents assigned NobleSocializing (role/playbook scope, not one guest)",,,
B,20,O1,U3,,body guarded by the is_hungry fact,,,
B,20,O1,U4,,eat_food executes when the guard holds,,,
B,20,O1,U5,,FORGET retracts the is_hungry belief,,,
B,20,O1,U6,,PRINT emits the message,,,
B,20,O1,U7,,nothing happens when the guard is false (no else branch),,,
B,2,O2,U1,,triggered by the food_served event,,,"When the ""food_served"" event is triggered, a specific ""Guest"" agent participating in the playbook notices that food has been served; if the guest is hungry or drunk and does not hate the host, they eat—otherwise, they complain."
B,2,O2,U2,,"PRINT executes unconditionally, before the test",,,
B,2,O2,U3,,condition includes (is_hungry OR is_drunk),,,
B,2,O2,U4,,"AND NOT hates(host) - both conjuncts, correct precedence",,,
B,2,O2,U5,,eat_food on true,,,
B,2,O2,U6,,complain on the else branch,,,
B,4,O2,U1,,triggered by the food_served event,,,"When the food is served, print a message, then if the agent is hungry or drunk and doesn't hate the host, it eats food, in any other case it complains"
B,4,O2,U2,,"PRINT executes unconditionally, before the test",,,
B,4,O2,U3,,condition includes (is_hungry OR is_drunk),,,
B,4,O2,U4,,"AND NOT hates(host) - both conjuncts, correct precedence",,,
B,4,O2,U5,,eat_food on true,,,
B,4,O2,U6,,complain on the else branch,,,
B,6,O2,U1,,triggered by the food_served event,,,"When food is served, noble will print ""A guest notices food arriving"" then check wheter they should complain or eat, depending if they're hungry or drunk and they like (not hate) the host."
B,6,O2,U2,,"PRINT executes unconditionally, before the test",,,
B,6,O2,U3,,condition includes (is_hungry OR is_drunk),,,
B,6,O2,U4,,"AND NOT hates(host) - both conjuncts, correct precedence",,,
B,6,O2,U5,,eat_food on true,,,
B,6,O2,U6,,complain on the else branch,,,
B,8,O2,U1,,triggered by the food_served event,,,"If the event ""food_served"" is triggered, the agent/npc/player that has knowledge of this event checks if the condition ""is_hungry"" or ""is_drunk"" are valid, and at the same time is checked if the host is not being hated by the specific agent/npc/player. If the condition is met (IF (cond_1 or cond_2) and (not cond_3)) then the guest eats the foot, otherwise complains."
B,8,O2,U2,,"PRINT executes unconditionally, before the test",,,
B,8,O2,U3,,condition includes (is_hungry OR is_drunk),,,
B,8,O2,U4,,"AND NOT hates(host) - both conjuncts, correct precedence",,,
B,8,O2,U5,,eat_food on true,,,
B,8,O2,U6,,complain on the else branch,,,
B,11,O2,U1,,triggered by the food_served event,,,"When a character receives the EVENT food_served, print a message. Then, if he is hungry or he is drunk and does not hate the host, he will eat; otherwise, he will complain"
B,11,O2,U2,,"PRINT executes unconditionally, before the test",,,
B,11,O2,U3,,condition includes (is_hungry OR is_drunk),,,
B,11,O2,U4,,"AND NOT hates(host) - both conjuncts, correct precedence",,,
B,11,O2,U5,,eat_food on true,,,
B,11,O2,U6,,complain on the else branch,,,
B,13,O2,U1,,triggered by the food_served event,,,"when food_served event occurs, the agent immediately outputs the message ""A guest notices food arriving."" and then evaluates its condition: if the agent is hungry or drunk, and doesnot hate the host, it executes the eat_food action"
B,13,O2,U2,,"PRINT executes unconditionally, before the test",,,
B,13,O2,U3,,condition includes (is_hungry OR is_drunk),,,
B,13,O2,U4,,"AND NOT hates(host) - both conjuncts, correct precedence",,,
B,13,O2,U5,,eat_food on true,,,
B,13,O2,U6,,complain on the else branch,,,
B,15,O2,U1,,triggered by the food_served event,,,"The reasoning is very similar to question 4. Here, we print a string and consider an if-else structure and the guard of the IF lock includes logical connectives. In particular, the fact hates refers to a parameter ""host"". (I am noticing that a role ""Host"" is defined in the plot RoyalBanquet, but the capitalization is different: Host instead of host)"
B,15,O2,U2,,"PRINT executes unconditionally, before the test",,,
B,15,O2,U3,,condition includes (is_hungry OR is_drunk),,,
B,15,O2,U4,,"AND NOT hates(host) - both conjuncts, correct precedence",,,
B,15,O2,U5,,eat_food on true,,,
B,15,O2,U6,,complain on the else branch,,,
B,17,O2,U1,,triggered by the food_served event,,,"When the food_served event occurs, ""A guest notices food arriving"" is printed. Afterwards, if the agent is hungry or drunk and it does not hate the host, then it executes the action eat_food, otherwise it executes the action complain"
B,17,O2,U2,,"PRINT executes unconditionally, before the test",,,
B,17,O2,U3,,condition includes (is_hungry OR is_drunk),,,
B,17,O2,U4,,"AND NOT hates(host) - both conjuncts, correct precedence",,,
B,17,O2,U5,,eat_food on true,,,
B,17,O2,U6,,complain on the else branch,,,
B,20,O2,U1,,triggered by the food_served event,,,"When the food_served event is thrown as a signal, every agent that were assigned the NobleSocializing playbook, prints a message letting us know that a guest noticed food arrivind, then checks if they contain the is_hungry or is_drunk facts and not the hates(host) fact, if that's the case they eat_food otherwise they complain."
B,20,O2,U2,,"PRINT executes unconditionally, before the test",,,
B,20,O2,U3,,condition includes (is_hungry OR is_drunk),,,
B,20,O2,U4,,"AND NOT hates(host) - both conjuncts, correct precedence",,,
B,20,O2,U5,,eat_food on true,,,
B,20,O2,U6,,complain on the else branch,,,
B,2,O3,U1,,the block scopes behaviour to one phase of a plot,,,"In the first phase of the plot, event play_music is triggered. Assign the NobleSocializing playbook to the Guest. When the food_served event is triggered, proceed to the second phase."
B,2,O3,U2,,"ON ENTER fires once, at phase entry",,,
B,2,O3,U3,,"WORLD DO is an environment/director-level action, not an agent's",,,
B,2,O3,U4,,"ASSIGN targets the Guest ROLE, hence all its occupants",,,
B,2,O3,U5,,WHEN food_served causes TRANSITION TO feast,,,
B,2,O3,U6,,"the trigger is live throughout the phase, not only at entry",,,
B,4,O3,U1,,the block scopes behaviour to one phase of a plot,,,"While the plot is in the reception phase, a music plays and the noblesocializing playbook is assigned to the guest role. When the food is served, the phase changes to feast"
B,4,O3,U2,,"ON ENTER fires once, at phase entry",,,
B,4,O3,U3,,"WORLD DO is an environment/director-level action, not an agent's",,,
B,4,O3,U4,,"ASSIGN targets the Guest ROLE, hence all its occupants",,,
B,4,O3,U5,,WHEN food_served causes TRANSITION TO feast,,,
B,4,O3,U6,,"the trigger is live throughout the phase, not only at entry",,,
B,6,O3,U1,,the block scopes behaviour to one phase of a plot,,,"When the phase reception we saw declared before is entered, the the environment will start playing music, supposedly for the guests to hear, and will assign to the ROLE guest the playbook noble socializing. At any point during the phase reception, when the food is served the phase will change into feast"
B,6,O3,U2,,"ON ENTER fires once, at phase entry",,,
B,6,O3,U3,,"WORLD DO is an environment/director-level action, not an agent's",,,
B,6,O3,U4,,"ASSIGN targets the Guest ROLE, hence all its occupants",,,
B,6,O3,U5,,WHEN food_served causes TRANSITION TO feast,,,
B,6,O3,U6,,"the trigger is live throughout the phase, not only at entry",,,
B,8,O3,U1,,the block scopes behaviour to one phase of a plot,,,"Once the reception phase starts, the world/environment start playing music, and assign to the agents/npcs the playbook NobleSocializing to those who are Guests. When the food_server is triggered than the playbook transitions to feast"
B,8,O3,U2,,"ON ENTER fires once, at phase entry",,,
B,8,O3,U3,,"WORLD DO is an environment/director-level action, not an agent's",,,
B,8,O3,U4,,"ASSIGN targets the Guest ROLE, hence all its occupants",,,
B,8,O3,U5,,WHEN food_served causes TRANSITION TO feast,,,
B,8,O3,U6,,"the trigger is live throughout the phase, not only at entry",,,
B,11,O3,U1,,the block scopes behaviour to one phase of a plot,,,"During the PHASE reception, when it starts, the environment will play music and assign a Playbook NobleSocializing to agents with the role Guest. When the food is served, this PHASE ends, and the execution will change to PHASE feast."
B,11,O3,U2,,"ON ENTER fires once, at phase entry",,,
B,11,O3,U3,,"WORLD DO is an environment/director-level action, not an agent's",,,
B,11,O3,U4,,"ASSIGN targets the Guest ROLE, hence all its occupants",,,
B,11,O3,U5,,WHEN food_served causes TRANSITION TO feast,,,
B,11,O3,U6,,"the trigger is live throughout the phase, not only at entry",,,
B,13,O3,U1,,the block scopes behaviour to one phase of a plot,,,"Upon entering reception , the environment plays music (WORLD DO play_music) and assigns the NobleSocializing to agents in the Guest role; later, when the food_served event occurs, the plot transitions to the feast phase ""TRANSITION TO feast"""
B,13,O3,U2,,"ON ENTER fires once, at phase entry",,,
B,13,O3,U3,,"WORLD DO is an environment/director-level action, not an agent's",,,
B,13,O3,U4,,"ASSIGN targets the Guest ROLE, hence all its occupants",,,
B,13,O3,U5,,WHEN food_served causes TRANSITION TO feast,,,
B,13,O3,U6,,"the trigger is live throughout the phase, not only at entry",,,
B,15,O3,U1,,the block scopes behaviour to one phase of a plot,,,"This fragment describes what happens in a specific phase, called reception, of a PLOT. When entering the phase, the special action ""play_music"" is performed by the plot (this is the meaning of the statement WORLD DO). Somewhere else, we defined a Role Guest and a playbook NobleSocializing. When entering the reception phase, we are assigning the role to the playbook. In the main body of the phase description, we also specify that when the food is served, another phase starts: the feast one. There is not specific stuff that must be done when exiting this phase."
B,15,O3,U2,,"ON ENTER fires once, at phase entry",,,
B,15,O3,U3,,"WORLD DO is an environment/director-level action, not an agent's",,,
B,15,O3,U4,,"ASSIGN targets the Guest ROLE, hence all its occupants",,,
B,15,O3,U5,,WHEN food_served causes TRANSITION TO feast,,,
B,15,O3,U6,,"the trigger is live throughout the phase, not only at entry",,,
B,17,O3,U1,,the block scopes behaviour to one phase of a plot,,,"During the reception phase, first things first the environment performs the play_music action, then the playbook NobleSocializing is assigned to the Guest role. Subsequently, anytime during this phase, when the food_served event occurs, the phase reception transitions to the feast one."
B,17,O3,U2,,"ON ENTER fires once, at phase entry",,,
B,17,O3,U3,,"WORLD DO is an environment/director-level action, not an agent's",,,
B,17,O3,U4,,"ASSIGN targets the Guest ROLE, hence all its occupants",,,
B,17,O3,U5,,WHEN food_served causes TRANSITION TO feast,,,
B,17,O3,U6,,"the trigger is live throughout the phase, not only at entry",,,
B,20,O3,U1,,the block scopes behaviour to one phase of a plot,,,"When we first enter in the reception phase the world stats to play music (play_music) and all the guests get assigned the NobleSocializing playbook, when the food_served event is thrown as a signal we transition from reception to feast."
B,20,O3,U2,,"ON ENTER fires once, at phase entry",,,
B,20,O3,U3,,"WORLD DO is an environment/director-level action, not an agent's",,,
B,20,O3,U4,,"ASSIGN targets the Guest ROLE, hence all its occupants",,,
B,20,O3,U5,,WHEN food_served causes TRANSITION TO feast,,,
B,20,O3,U6,,"the trigger is live throughout the phase, not only at entry",,,
B,2,O4,U1,,ON ENTER -> serve_wine at world level,,,"As soon as this phase is entered, the `serve_wine` event is triggered. When a Guest agent signals `insult_thrown`, the `HonorDuel` subplot begins, and the targeted Guest becomes a challenger. Upon completion of the subplot, the phase shifts to `duel_interruption`, and the `NobleSocializing` playbook is removed from the Guest."
B,2,O4,U2,,trigger is a SIGNAL raised BY an agent playing Guest (bottom-up),,,
B,2,O4,U3,,stop_music executes,,,
B,2,O4,U4,,START SUBPLOT HonorDuel,,,
B,2,O4,U5,,MAPPING Guest TO Challenger is a role mapping into the subplot,,,
B,2,O4,U6,,TRANSITION TO duel_interruption,,,
B,2,O4,U7,,"ON EXIT fires on leaving the phase, so UNASSIGN happens then",,,
B,4,O4,U1,,ON ENTER -> serve_wine at world level,,,"At the start of the feast pase, wine is served. When the guest insults someone, the music stops, and duel subplot starts, in which the guest role is assigned the challenger playbook. When the feast plot finishes, noble socializing is removed form the guest playbooks'"
B,4,O4,U2,,trigger is a SIGNAL raised BY an agent playing Guest (bottom-up),,,
B,4,O4,U3,,stop_music executes,,,
B,4,O4,U4,,START SUBPLOT HonorDuel,,,
B,4,O4,U5,,MAPPING Guest TO Challenger is a role mapping into the subplot,,,
B,4,O4,U6,,TRANSITION TO duel_interruption,,,
B,4,O4,U7,,"ON EXIT fires on leaving the phase, so UNASSIGN happens then",,,
B,6,O4,U1,,ON ENTER -> serve_wine at world level,,,"When the phase changes to feast, the environment will serve wine. At any time during this phase, when a guest insults the host, the music will stop and a new subplot will start. The subplot HonorDuel will change the guest that trown the insult and only that one to a new ROLE called Challenger. The main POLT phase will then change to duel interruption. When the phase feast finished, whether because a guest insulted the host or not, all guest will lose the NobleSocializing Guest."
B,6,O4,U2,,trigger is a SIGNAL raised BY an agent playing Guest (bottom-up),,,
B,6,O4,U3,,stop_music executes,,,
B,6,O4,U4,,START SUBPLOT HonorDuel,,,
B,6,O4,U5,,MAPPING Guest TO Challenger is a role mapping into the subplot,,,
B,6,O4,U6,,TRANSITION TO duel_interruption,,,
B,6,O4,U7,,"ON EXIT fires on leaving the phase, so UNASSIGN happens then",,,
B,8,O4,U1,,ON ENTER -> serve_wine at world level,,,"Once the transitions to feast starts, the world serves to the guests wine. IF a guest hears an insult then broadcasts it to the entirety of the involved agents/npc and as a consequence the world stops the music. A subplot is now triggered ""HonorDuel"" Mapping the Guest to the Challenger Role. Then the playbook will transition to the duel_interruption phase. After the plot has ended the on exit clause is triggered, which unassigns the NobleSocializing playbook from the Guest role."
B,8,O4,U2,,trigger is a SIGNAL raised BY an agent playing Guest (bottom-up),,,
B,8,O4,U3,,stop_music executes,,,
B,8,O4,U4,,START SUBPLOT HonorDuel,,,
B,8,O4,U5,,MAPPING Guest TO Challenger is a role mapping into the subplot,,,
B,8,O4,U6,,TRANSITION TO duel_interruption,,,
B,8,O4,U7,,"ON EXIT fires on leaving the phase, so UNASSIGN happens then",,,
B,11,O4,U1,,ON ENTER -> serve_wine at world level,,,"During the PHASE feast, when it starts, the environment will serve wine. When an agent with role Guest raises an insult, the environment stops the music, a subplot starts (HonorDuel), and the Guest changes its role to challenger. Then the PHASE ends, and the execution changes to duel_interruption. When this PHASE naturally ends, the playbook NobleSocializing is disassociated from the agents with role Guest."
B,11,O4,U2,,trigger is a SIGNAL raised BY an agent playing Guest (bottom-up),,,
B,11,O4,U3,,stop_music executes,,,
B,11,O4,U4,,START SUBPLOT HonorDuel,,,
B,11,O4,U5,,MAPPING Guest TO Challenger is a role mapping into the subplot,,,
B,11,O4,U6,,TRANSITION TO duel_interruption,,,
B,11,O4,U7,,"ON EXIT fires on leaving the phase, so UNASSIGN happens then",,,
B,13,O4,U1,,ON ENTER -> serve_wine at world level,,,"When the feast begins 'ON ENTER', wine is served to everyone ""DO serve_wine"". If any guest throws an insult""insult_thrown is true"", the music stops , an honor duel subplot starts with that guest as the challenger, and the main story shifts to the duel interruption phase. and, whenever this phase ends, the guests lose their socializing behaviours."
B,13,O4,U2,,trigger is a SIGNAL raised BY an agent playing Guest (bottom-up),,,
B,13,O4,U3,,stop_music executes,,,
B,13,O4,U4,,START SUBPLOT HonorDuel,,,
B,13,O4,U5,,MAPPING Guest TO Challenger is a role mapping into the subplot,,,
B,13,O4,U6,,TRANSITION TO duel_interruption,,,
B,13,O4,U7,,"ON EXIT fires on leaving the phase, so UNASSIGN happens then",,,
B,15,O4,U1,,ON ENTER -> serve_wine at world level,,,"The first part is similar to the 8th question: we are describing a phase, called feast, and there is a block specifying what happens when transitioning to this phase: wine is served. When an insult_thrown signal is triggered (see the NobleSocializing playbook), then music stops in the whole plot and a subplot starts. In particular, the role ""Guest"" will be renamed ""Challenger"" in that subplot. We don't know if the Challenger will be assigned a new playbook. When the subplot ends, we transition to the duel_interruption phase. In this case, since we are exiting the feast phase, the ON EXIT block is executed first and the Guest will no longer follow the NobleSocializing notebook."
B,15,O4,U2,,trigger is a SIGNAL raised BY an agent playing Guest (bottom-up),,,
B,15,O4,U3,,stop_music executes,,,
B,15,O4,U4,,START SUBPLOT HonorDuel,,,
B,15,O4,U5,,MAPPING Guest TO Challenger is a role mapping into the subplot,,,
B,15,O4,U6,,TRANSITION TO duel_interruption,,,
B,15,O4,U7,,"ON EXIT fires on leaving the phase, so UNASSIGN happens then",,,
B,17,O4,U1,,ON ENTER -> serve_wine at world level,,,"During the feast phase, the first thing the environment does is performing the serve_wine event. Anytime during this phase, when any agent with the ROLE Guest signals the insult_thrown belief-change event, the environment performs the stop_music action, it start the HonorDuel plot giving a new role (challenger) to the agent that fired the signal, and finally transitions from phase feast to phase duel_interruption. Once the feast phase is exited, the playbook NobleSocializing is removed from the Guest role"
B,17,O4,U2,,trigger is a SIGNAL raised BY an agent playing Guest (bottom-up),,,
B,17,O4,U3,,stop_music executes,,,
B,17,O4,U4,,START SUBPLOT HonorDuel,,,
B,17,O4,U5,,MAPPING Guest TO Challenger is a role mapping into the subplot,,,
B,17,O4,U6,,TRANSITION TO duel_interruption,,,
B,17,O4,U7,,"ON EXIT fires on leaving the phase, so UNASSIGN happens then",,,
B,20,O4,U1,,ON ENTER -> serve_wine at world level,,,"When we first enter in the feast phase the world serves the wine (serve_wine), when an agent with the guest role sends an insult_thrown signal the world stops the music (stop_music), then the HonorDuel plot is started as a subplot of RoyalBanquet mapping the guest role to challenger (I don't undertand if ""MAPPING Guest TO Challenger"" is refering to all agents with the guest role or just the guest that sent the insult_thrown signal, I think the former is the correct one), then we transition to the duel_interruption phase which triggers the ON EXIT instruction which removes the NobleSocializing playbook from the from the guests."
B,20,O4,U2,,trigger is a SIGNAL raised BY an agent playing Guest (bottom-up),,,
B,20,O4,U3,,stop_music executes,,,
B,20,O4,U4,,START SUBPLOT HonorDuel,,,
B,20,O4,U5,,MAPPING Guest TO Challenger is a role mapping into the subplot,,,
B,20,O4,U6,,TRANSITION TO duel_interruption,,,
B,20,O4,U7,,"ON EXIT fires on leaving the phase, so UNASSIGN happens then",,,
