respondent,chars,attempt_auto,attempt,completion,notes
1,0,none,none,,
2,0,none,none,,
3,0,none,none,,
4,0,none,none,,
5,0,none,none,,
6,1886,substantive,substantive,,
7,0,none,none,,
8,0,none,none,,
9,0,none,none,,
10,4000,substantive,substantive,truncated_at_cap,
11,617,substantive,substantive,,
12,0,none,none,,
13,323,substantive,substantive,,
14,4000,substantive,substantive,truncated_at_cap,
15,4000,substantive,substantive,truncated_at_cap,
16,2447,substantive,substantive,,
17,0,none,none,,
18,3150,substantive,substantive,,
19,0,none,none,,
20,4000,substantive,substantive,truncated_at_cap,
21,705,substantive,substantive,,
