respondent,requirement,dimension,code,req_desc,dim_desc,in_scope,errors,flag
6,R1,attempted,,Princess and Pretender introduced as ROLEs with their own playbooks,did the submission try this requirement at all (0/1),1,,
10,R1,attempted,,Princess and Pretender introduced as ROLEs with their own playbooks,did the submission try this requirement at all (0/1),1,,
11,R1,attempted,,Princess and Pretender introduced as ROLEs with their own playbooks,did the submission try this requirement at all (0/1),1,,
13,R1,attempted,,Princess and Pretender introduced as ROLEs with their own playbooks,did the submission try this requirement at all (0/1),1,,
14,R1,attempted,,Princess and Pretender introduced as ROLEs with their own playbooks,did the submission try this requirement at all (0/1),1,,
15,R1,attempted,,Princess and Pretender introduced as ROLEs with their own playbooks,did the submission try this requirement at all (0/1),1,,
16,R1,attempted,,Princess and Pretender introduced as ROLEs with their own playbooks,did the submission try this requirement at all (0/1),1,,
18,R1,attempted,,Princess and Pretender introduced as ROLEs with their own playbooks,did the submission try this requirement at all (0/1),1,,
20,R1,attempted,,Princess and Pretender introduced as ROLEs with their own playbooks,did the submission try this requirement at all (0/1),1,,
21,R1,attempted,,Princess and Pretender introduced as ROLEs with their own playbooks,did the submission try this requirement at all (0/1),1,,
6,R1,idiom,,Princess and Pretender introduced as ROLEs with their own playbooks,"uses the intended Regia constructs, not ad-hoc inventions",1,,
10,R1,idiom,,Princess and Pretender introduced as ROLEs with their own playbooks,"uses the intended Regia constructs, not ad-hoc inventions",1,,
11,R1,idiom,,Princess and Pretender introduced as ROLEs with their own playbooks,"uses the intended Regia constructs, not ad-hoc inventions",1,,
13,R1,idiom,,Princess and Pretender introduced as ROLEs with their own playbooks,"uses the intended Regia constructs, not ad-hoc inventions",1,,
14,R1,idiom,,Princess and Pretender introduced as ROLEs with their own playbooks,"uses the intended Regia constructs, not ad-hoc inventions",1,,
15,R1,idiom,,Princess and Pretender introduced as ROLEs with their own playbooks,"uses the intended Regia constructs, not ad-hoc inventions",1,,
16,R1,idiom,,Princess and Pretender introduced as ROLEs with their own playbooks,"uses the intended Regia constructs, not ad-hoc inventions",1,,
18,R1,idiom,,Princess and Pretender introduced as ROLEs with their own playbooks,"uses the intended Regia constructs, not ad-hoc inventions",1,,
20,R1,idiom,,Princess and Pretender introduced as ROLEs with their own playbooks,"uses the intended Regia constructs, not ad-hoc inventions",1,,
21,R1,idiom,,Princess and Pretender introduced as ROLEs with their own playbooks,"uses the intended Regia constructs, not ad-hoc inventions",1,,
6,R1,semantics,,Princess and Pretender introduced as ROLEs with their own playbooks,actually does what the requirement asks,1,,
10,R1,semantics,,Princess and Pretender introduced as ROLEs with their own playbooks,actually does what the requirement asks,1,,
11,R1,semantics,,Princess and Pretender introduced as ROLEs with their own playbooks,actually does what the requirement asks,1,,
13,R1,semantics,,Princess and Pretender introduced as ROLEs with their own playbooks,actually does what the requirement asks,1,,
14,R1,semantics,,Princess and Pretender introduced as ROLEs with their own playbooks,actually does what the requirement asks,1,,
15,R1,semantics,,Princess and Pretender introduced as ROLEs with their own playbooks,actually does what the requirement asks,1,,
16,R1,semantics,,Princess and Pretender introduced as ROLEs with their own playbooks,actually does what the requirement asks,1,,
18,R1,semantics,,Princess and Pretender introduced as ROLEs with their own playbooks,actually does what the requirement asks,1,,
20,R1,semantics,,Princess and Pretender introduced as ROLEs with their own playbooks,actually does what the requirement asks,1,,
21,R1,semantics,,Princess and Pretender introduced as ROLEs with their own playbooks,actually does what the requirement asks,1,,
6,R1,syntax,,Princess and Pretender introduced as ROLEs with their own playbooks,conforms to the Regia grammar,1,,
10,R1,syntax,,Princess and Pretender introduced as ROLEs with their own playbooks,conforms to the Regia grammar,1,,
11,R1,syntax,,Princess and Pretender introduced as ROLEs with their own playbooks,conforms to the Regia grammar,1,,
13,R1,syntax,,Princess and Pretender introduced as ROLEs with their own playbooks,conforms to the Regia grammar,1,,
14,R1,syntax,,Princess and Pretender introduced as ROLEs with their own playbooks,conforms to the Regia grammar,1,,
15,R1,syntax,,Princess and Pretender introduced as ROLEs with their own playbooks,conforms to the Regia grammar,1,,
16,R1,syntax,,Princess and Pretender introduced as ROLEs with their own playbooks,conforms to the Regia grammar,1,,
18,R1,syntax,,Princess and Pretender introduced as ROLEs with their own playbooks,conforms to the Regia grammar,1,,
20,R1,syntax,,Princess and Pretender introduced as ROLEs with their own playbooks,conforms to the Regia grammar,1,,
21,R1,syntax,,Princess and Pretender introduced as ROLEs with their own playbooks,conforms to the Regia grammar,1,,
6,R2,attempted,,Princess greets guests; greeting produces the enamoured fact (and the pretender interaction produces friendly),did the submission try this requirement at all (0/1),1,,
10,R2,attempted,,Princess greets guests; greeting produces the enamoured fact (and the pretender interaction produces friendly),did the submission try this requirement at all (0/1),1,,
11,R2,attempted,,Princess greets guests; greeting produces the enamoured fact (and the pretender interaction produces friendly),did the submission try this requirement at all (0/1),1,,
13,R2,attempted,,Princess greets guests; greeting produces the enamoured fact (and the pretender interaction produces friendly),did the submission try this requirement at all (0/1),1,,
14,R2,attempted,,Princess greets guests; greeting produces the enamoured fact (and the pretender interaction produces friendly),did the submission try this requirement at all (0/1),1,,
15,R2,attempted,,Princess greets guests; greeting produces the enamoured fact (and the pretender interaction produces friendly),did the submission try this requirement at all (0/1),1,,
16,R2,attempted,,Princess greets guests; greeting produces the enamoured fact (and the pretender interaction produces friendly),did the submission try this requirement at all (0/1),1,,
18,R2,attempted,,Princess greets guests; greeting produces the enamoured fact (and the pretender interaction produces friendly),did the submission try this requirement at all (0/1),1,,
20,R2,attempted,,Princess greets guests; greeting produces the enamoured fact (and the pretender interaction produces friendly),did the submission try this requirement at all (0/1),1,,
21,R2,attempted,,Princess greets guests; greeting produces the enamoured fact (and the pretender interaction produces friendly),did the submission try this requirement at all (0/1),1,,
6,R2,idiom,,Princess greets guests; greeting produces the enamoured fact (and the pretender interaction produces friendly),"uses the intended Regia constructs, not ad-hoc inventions",1,,
10,R2,idiom,,Princess greets guests; greeting produces the enamoured fact (and the pretender interaction produces friendly),"uses the intended Regia constructs, not ad-hoc inventions",1,,
11,R2,idiom,,Princess greets guests; greeting produces the enamoured fact (and the pretender interaction produces friendly),"uses the intended Regia constructs, not ad-hoc inventions",1,,
13,R2,idiom,,Princess greets guests; greeting produces the enamoured fact (and the pretender interaction produces friendly),"uses the intended Regia constructs, not ad-hoc inventions",1,,
14,R2,idiom,,Princess greets guests; greeting produces the enamoured fact (and the pretender interaction produces friendly),"uses the intended Regia constructs, not ad-hoc inventions",1,,
15,R2,idiom,,Princess greets guests; greeting produces the enamoured fact (and the pretender interaction produces friendly),"uses the intended Regia constructs, not ad-hoc inventions",1,,
16,R2,idiom,,Princess greets guests; greeting produces the enamoured fact (and the pretender interaction produces friendly),"uses the intended Regia constructs, not ad-hoc inventions",1,,
18,R2,idiom,,Princess greets guests; greeting produces the enamoured fact (and the pretender interaction produces friendly),"uses the intended Regia constructs, not ad-hoc inventions",1,,
20,R2,idiom,,Princess greets guests; greeting produces the enamoured fact (and the pretender interaction produces friendly),"uses the intended Regia constructs, not ad-hoc inventions",1,,
21,R2,idiom,,Princess greets guests; greeting produces the enamoured fact (and the pretender interaction produces friendly),"uses the intended Regia constructs, not ad-hoc inventions",1,,
6,R2,semantics,,Princess greets guests; greeting produces the enamoured fact (and the pretender interaction produces friendly),actually does what the requirement asks,1,,
10,R2,semantics,,Princess greets guests; greeting produces the enamoured fact (and the pretender interaction produces friendly),actually does what the requirement asks,1,,
11,R2,semantics,,Princess greets guests; greeting produces the enamoured fact (and the pretender interaction produces friendly),actually does what the requirement asks,1,,
13,R2,semantics,,Princess greets guests; greeting produces the enamoured fact (and the pretender interaction produces friendly),actually does what the requirement asks,1,,
14,R2,semantics,,Princess greets guests; greeting produces the enamoured fact (and the pretender interaction produces friendly),actually does what the requirement asks,1,,
15,R2,semantics,,Princess greets guests; greeting produces the enamoured fact (and the pretender interaction produces friendly),actually does what the requirement asks,1,,
16,R2,semantics,,Princess greets guests; greeting produces the enamoured fact (and the pretender interaction produces friendly),actually does what the requirement asks,1,,
18,R2,semantics,,Princess greets guests; greeting produces the enamoured fact (and the pretender interaction produces friendly),actually does what the requirement asks,1,,
20,R2,semantics,,Princess greets guests; greeting produces the enamoured fact (and the pretender interaction produces friendly),actually does what the requirement asks,1,,
21,R2,semantics,,Princess greets guests; greeting produces the enamoured fact (and the pretender interaction produces friendly),actually does what the requirement asks,1,,
6,R2,syntax,,Princess greets guests; greeting produces the enamoured fact (and the pretender interaction produces friendly),conforms to the Regia grammar,1,,
10,R2,syntax,,Princess greets guests; greeting produces the enamoured fact (and the pretender interaction produces friendly),conforms to the Regia grammar,1,,
11,R2,syntax,,Princess greets guests; greeting produces the enamoured fact (and the pretender interaction produces friendly),conforms to the Regia grammar,1,,
13,R2,syntax,,Princess greets guests; greeting produces the enamoured fact (and the pretender interaction produces friendly),conforms to the Regia grammar,1,,
14,R2,syntax,,Princess greets guests; greeting produces the enamoured fact (and the pretender interaction produces friendly),conforms to the Regia grammar,1,,
15,R2,syntax,,Princess greets guests; greeting produces the enamoured fact (and the pretender interaction produces friendly),conforms to the Regia grammar,1,,
16,R2,syntax,,Princess greets guests; greeting produces the enamoured fact (and the pretender interaction produces friendly),conforms to the Regia grammar,1,,
18,R2,syntax,,Princess greets guests; greeting produces the enamoured fact (and the pretender interaction produces friendly),conforms to the Regia grammar,1,,
20,R2,syntax,,Princess greets guests; greeting produces the enamoured fact (and the pretender interaction produces friendly),conforms to the Regia grammar,1,,
21,R2,syntax,,Princess greets guests; greeting produces the enamoured fact (and the pretender interaction produces friendly),conforms to the Regia grammar,1,,
6,R3,attempted,,Princess dislikes the food -> asks the Pretender -> food-search subplot -> food delivered back to the Princess,did the submission try this requirement at all (0/1),1,,
10,R3,attempted,,Princess dislikes the food -> asks the Pretender -> food-search subplot -> food delivered back to the Princess,did the submission try this requirement at all (0/1),1,,
11,R3,attempted,,Princess dislikes the food -> asks the Pretender -> food-search subplot -> food delivered back to the Princess,did the submission try this requirement at all (0/1),1,,
13,R3,attempted,,Princess dislikes the food -> asks the Pretender -> food-search subplot -> food delivered back to the Princess,did the submission try this requirement at all (0/1),1,,
14,R3,attempted,,Princess dislikes the food -> asks the Pretender -> food-search subplot -> food delivered back to the Princess,did the submission try this requirement at all (0/1),1,,
15,R3,attempted,,Princess dislikes the food -> asks the Pretender -> food-search subplot -> food delivered back to the Princess,did the submission try this requirement at all (0/1),1,,
16,R3,attempted,,Princess dislikes the food -> asks the Pretender -> food-search subplot -> food delivered back to the Princess,did the submission try this requirement at all (0/1),1,,
18,R3,attempted,,Princess dislikes the food -> asks the Pretender -> food-search subplot -> food delivered back to the Princess,did the submission try this requirement at all (0/1),1,,
20,R3,attempted,,Princess dislikes the food -> asks the Pretender -> food-search subplot -> food delivered back to the Princess,did the submission try this requirement at all (0/1),1,,
21,R3,attempted,,Princess dislikes the food -> asks the Pretender -> food-search subplot -> food delivered back to the Princess,did the submission try this requirement at all (0/1),1,,
6,R3,idiom,,Princess dislikes the food -> asks the Pretender -> food-search subplot -> food delivered back to the Princess,"uses the intended Regia constructs, not ad-hoc inventions",1,,
10,R3,idiom,,Princess dislikes the food -> asks the Pretender -> food-search subplot -> food delivered back to the Princess,"uses the intended Regia constructs, not ad-hoc inventions",1,,
11,R3,idiom,,Princess dislikes the food -> asks the Pretender -> food-search subplot -> food delivered back to the Princess,"uses the intended Regia constructs, not ad-hoc inventions",1,,
13,R3,idiom,,Princess dislikes the food -> asks the Pretender -> food-search subplot -> food delivered back to the Princess,"uses the intended Regia constructs, not ad-hoc inventions",1,,
14,R3,idiom,,Princess dislikes the food -> asks the Pretender -> food-search subplot -> food delivered back to the Princess,"uses the intended Regia constructs, not ad-hoc inventions",1,,
15,R3,idiom,,Princess dislikes the food -> asks the Pretender -> food-search subplot -> food delivered back to the Princess,"uses the intended Regia constructs, not ad-hoc inventions",1,,
16,R3,idiom,,Princess dislikes the food -> asks the Pretender -> food-search subplot -> food delivered back to the Princess,"uses the intended Regia constructs, not ad-hoc inventions",1,,
18,R3,idiom,,Princess dislikes the food -> asks the Pretender -> food-search subplot -> food delivered back to the Princess,"uses the intended Regia constructs, not ad-hoc inventions",1,,
20,R3,idiom,,Princess dislikes the food -> asks the Pretender -> food-search subplot -> food delivered back to the Princess,"uses the intended Regia constructs, not ad-hoc inventions",1,,
21,R3,idiom,,Princess dislikes the food -> asks the Pretender -> food-search subplot -> food delivered back to the Princess,"uses the intended Regia constructs, not ad-hoc inventions",1,,
6,R3,semantics,,Princess dislikes the food -> asks the Pretender -> food-search subplot -> food delivered back to the Princess,actually does what the requirement asks,1,,
10,R3,semantics,,Princess dislikes the food -> asks the Pretender -> food-search subplot -> food delivered back to the Princess,actually does what the requirement asks,1,,
11,R3,semantics,,Princess dislikes the food -> asks the Pretender -> food-search subplot -> food delivered back to the Princess,actually does what the requirement asks,1,,
13,R3,semantics,,Princess dislikes the food -> asks the Pretender -> food-search subplot -> food delivered back to the Princess,actually does what the requirement asks,1,,
14,R3,semantics,,Princess dislikes the food -> asks the Pretender -> food-search subplot -> food delivered back to the Princess,actually does what the requirement asks,1,,
15,R3,semantics,,Princess dislikes the food -> asks the Pretender -> food-search subplot -> food delivered back to the Princess,actually does what the requirement asks,1,,
16,R3,semantics,,Princess dislikes the food -> asks the Pretender -> food-search subplot -> food delivered back to the Princess,actually does what the requirement asks,1,,
18,R3,semantics,,Princess dislikes the food -> asks the Pretender -> food-search subplot -> food delivered back to the Princess,actually does what the requirement asks,1,,
20,R3,semantics,,Princess dislikes the food -> asks the Pretender -> food-search subplot -> food delivered back to the Princess,actually does what the requirement asks,1,,
21,R3,semantics,,Princess dislikes the food -> asks the Pretender -> food-search subplot -> food delivered back to the Princess,actually does what the requirement asks,1,,
6,R3,syntax,,Princess dislikes the food -> asks the Pretender -> food-search subplot -> food delivered back to the Princess,conforms to the Regia grammar,1,,
10,R3,syntax,,Princess dislikes the food -> asks the Pretender -> food-search subplot -> food delivered back to the Princess,conforms to the Regia grammar,1,,
11,R3,syntax,,Princess dislikes the food -> asks the Pretender -> food-search subplot -> food delivered back to the Princess,conforms to the Regia grammar,1,,
13,R3,syntax,,Princess dislikes the food -> asks the Pretender -> food-search subplot -> food delivered back to the Princess,conforms to the Regia grammar,1,,
14,R3,syntax,,Princess dislikes the food -> asks the Pretender -> food-search subplot -> food delivered back to the Princess,conforms to the Regia grammar,1,,
15,R3,syntax,,Princess dislikes the food -> asks the Pretender -> food-search subplot -> food delivered back to the Princess,conforms to the Regia grammar,1,,
16,R3,syntax,,Princess dislikes the food -> asks the Pretender -> food-search subplot -> food delivered back to the Princess,conforms to the Regia grammar,1,,
18,R3,syntax,,Princess dislikes the food -> asks the Pretender -> food-search subplot -> food delivered back to the Princess,conforms to the Regia grammar,1,,
20,R3,syntax,,Princess dislikes the food -> asks the Pretender -> food-search subplot -> food delivered back to the Princess,conforms to the Regia grammar,1,,
21,R3,syntax,,Princess dislikes the food -> asks the Pretender -> food-search subplot -> food delivered back to the Princess,conforms to the Regia grammar,1,,
6,R4,attempted,,"a ball phase, entered by a transition from the existing plot",did the submission try this requirement at all (0/1),1,,
10,R4,attempted,,"a ball phase, entered by a transition from the existing plot",did the submission try this requirement at all (0/1),1,,
11,R4,attempted,,"a ball phase, entered by a transition from the existing plot",did the submission try this requirement at all (0/1),1,,
13,R4,attempted,,"a ball phase, entered by a transition from the existing plot",did the submission try this requirement at all (0/1),1,,
14,R4,attempted,,"a ball phase, entered by a transition from the existing plot",did the submission try this requirement at all (0/1),1,,
15,R4,attempted,,"a ball phase, entered by a transition from the existing plot",did the submission try this requirement at all (0/1),1,,
16,R4,attempted,,"a ball phase, entered by a transition from the existing plot",did the submission try this requirement at all (0/1),1,,
18,R4,attempted,,"a ball phase, entered by a transition from the existing plot",did the submission try this requirement at all (0/1),1,,
20,R4,attempted,,"a ball phase, entered by a transition from the existing plot",did the submission try this requirement at all (0/1),1,,
21,R4,attempted,,"a ball phase, entered by a transition from the existing plot",did the submission try this requirement at all (0/1),1,,
6,R4,idiom,,"a ball phase, entered by a transition from the existing plot","uses the intended Regia constructs, not ad-hoc inventions",1,,
10,R4,idiom,,"a ball phase, entered by a transition from the existing plot","uses the intended Regia constructs, not ad-hoc inventions",1,,
11,R4,idiom,,"a ball phase, entered by a transition from the existing plot","uses the intended Regia constructs, not ad-hoc inventions",1,,
13,R4,idiom,,"a ball phase, entered by a transition from the existing plot","uses the intended Regia constructs, not ad-hoc inventions",1,,
14,R4,idiom,,"a ball phase, entered by a transition from the existing plot","uses the intended Regia constructs, not ad-hoc inventions",1,,
15,R4,idiom,,"a ball phase, entered by a transition from the existing plot","uses the intended Regia constructs, not ad-hoc inventions",1,,
16,R4,idiom,,"a ball phase, entered by a transition from the existing plot","uses the intended Regia constructs, not ad-hoc inventions",1,,
18,R4,idiom,,"a ball phase, entered by a transition from the existing plot","uses the intended Regia constructs, not ad-hoc inventions",1,,
20,R4,idiom,,"a ball phase, entered by a transition from the existing plot","uses the intended Regia constructs, not ad-hoc inventions",1,,
21,R4,idiom,,"a ball phase, entered by a transition from the existing plot","uses the intended Regia constructs, not ad-hoc inventions",1,,
6,R4,semantics,,"a ball phase, entered by a transition from the existing plot",actually does what the requirement asks,1,,
10,R4,semantics,,"a ball phase, entered by a transition from the existing plot",actually does what the requirement asks,1,,
11,R4,semantics,,"a ball phase, entered by a transition from the existing plot",actually does what the requirement asks,1,,
13,R4,semantics,,"a ball phase, entered by a transition from the existing plot",actually does what the requirement asks,1,,
14,R4,semantics,,"a ball phase, entered by a transition from the existing plot",actually does what the requirement asks,1,,
15,R4,semantics,,"a ball phase, entered by a transition from the existing plot",actually does what the requirement asks,1,,
16,R4,semantics,,"a ball phase, entered by a transition from the existing plot",actually does what the requirement asks,1,,
18,R4,semantics,,"a ball phase, entered by a transition from the existing plot",actually does what the requirement asks,1,,
20,R4,semantics,,"a ball phase, entered by a transition from the existing plot",actually does what the requirement asks,1,,
21,R4,semantics,,"a ball phase, entered by a transition from the existing plot",actually does what the requirement asks,1,,
6,R4,syntax,,"a ball phase, entered by a transition from the existing plot",conforms to the Regia grammar,1,,
10,R4,syntax,,"a ball phase, entered by a transition from the existing plot",conforms to the Regia grammar,1,,
11,R4,syntax,,"a ball phase, entered by a transition from the existing plot",conforms to the Regia grammar,1,,
13,R4,syntax,,"a ball phase, entered by a transition from the existing plot",conforms to the Regia grammar,1,,
14,R4,syntax,,"a ball phase, entered by a transition from the existing plot",conforms to the Regia grammar,1,,
15,R4,syntax,,"a ball phase, entered by a transition from the existing plot",conforms to the Regia grammar,1,,
16,R4,syntax,,"a ball phase, entered by a transition from the existing plot",conforms to the Regia grammar,1,,
18,R4,syntax,,"a ball phase, entered by a transition from the existing plot",conforms to the Regia grammar,1,,
20,R4,syntax,,"a ball phase, entered by a transition from the existing plot",conforms to the Regia grammar,1,,
21,R4,syntax,,"a ball phase, entered by a transition from the existing plot",conforms to the Regia grammar,1,,
6,R5,attempted,,"nobles react during the ball, conditioned on enamoured / friendly",did the submission try this requirement at all (0/1),1,,
10,R5,attempted,,"nobles react during the ball, conditioned on enamoured / friendly",did the submission try this requirement at all (0/1),1,,
11,R5,attempted,,"nobles react during the ball, conditioned on enamoured / friendly",did the submission try this requirement at all (0/1),1,,
13,R5,attempted,,"nobles react during the ball, conditioned on enamoured / friendly",did the submission try this requirement at all (0/1),1,,
14,R5,attempted,,"nobles react during the ball, conditioned on enamoured / friendly",did the submission try this requirement at all (0/1),1,,
15,R5,attempted,,"nobles react during the ball, conditioned on enamoured / friendly",did the submission try this requirement at all (0/1),1,,
16,R5,attempted,,"nobles react during the ball, conditioned on enamoured / friendly",did the submission try this requirement at all (0/1),1,,
18,R5,attempted,,"nobles react during the ball, conditioned on enamoured / friendly",did the submission try this requirement at all (0/1),1,,
20,R5,attempted,,"nobles react during the ball, conditioned on enamoured / friendly",did the submission try this requirement at all (0/1),1,,
21,R5,attempted,,"nobles react during the ball, conditioned on enamoured / friendly",did the submission try this requirement at all (0/1),1,,
6,R5,idiom,,"nobles react during the ball, conditioned on enamoured / friendly","uses the intended Regia constructs, not ad-hoc inventions",1,,
10,R5,idiom,,"nobles react during the ball, conditioned on enamoured / friendly","uses the intended Regia constructs, not ad-hoc inventions",1,,
11,R5,idiom,,"nobles react during the ball, conditioned on enamoured / friendly","uses the intended Regia constructs, not ad-hoc inventions",1,,
13,R5,idiom,,"nobles react during the ball, conditioned on enamoured / friendly","uses the intended Regia constructs, not ad-hoc inventions",1,,
14,R5,idiom,,"nobles react during the ball, conditioned on enamoured / friendly","uses the intended Regia constructs, not ad-hoc inventions",1,,
15,R5,idiom,,"nobles react during the ball, conditioned on enamoured / friendly","uses the intended Regia constructs, not ad-hoc inventions",1,,
16,R5,idiom,,"nobles react during the ball, conditioned on enamoured / friendly","uses the intended Regia constructs, not ad-hoc inventions",1,,
18,R5,idiom,,"nobles react during the ball, conditioned on enamoured / friendly","uses the intended Regia constructs, not ad-hoc inventions",1,,
20,R5,idiom,,"nobles react during the ball, conditioned on enamoured / friendly","uses the intended Regia constructs, not ad-hoc inventions",1,,
21,R5,idiom,,"nobles react during the ball, conditioned on enamoured / friendly","uses the intended Regia constructs, not ad-hoc inventions",1,,
6,R5,semantics,,"nobles react during the ball, conditioned on enamoured / friendly",actually does what the requirement asks,1,,
10,R5,semantics,,"nobles react during the ball, conditioned on enamoured / friendly",actually does what the requirement asks,1,,
11,R5,semantics,,"nobles react during the ball, conditioned on enamoured / friendly",actually does what the requirement asks,1,,
13,R5,semantics,,"nobles react during the ball, conditioned on enamoured / friendly",actually does what the requirement asks,1,,
14,R5,semantics,,"nobles react during the ball, conditioned on enamoured / friendly",actually does what the requirement asks,1,,
15,R5,semantics,,"nobles react during the ball, conditioned on enamoured / friendly",actually does what the requirement asks,1,,
16,R5,semantics,,"nobles react during the ball, conditioned on enamoured / friendly",actually does what the requirement asks,1,,
18,R5,semantics,,"nobles react during the ball, conditioned on enamoured / friendly",actually does what the requirement asks,1,,
20,R5,semantics,,"nobles react during the ball, conditioned on enamoured / friendly",actually does what the requirement asks,1,,
21,R5,semantics,,"nobles react during the ball, conditioned on enamoured / friendly",actually does what the requirement asks,1,,
6,R5,syntax,,"nobles react during the ball, conditioned on enamoured / friendly",conforms to the Regia grammar,1,,
10,R5,syntax,,"nobles react during the ball, conditioned on enamoured / friendly",conforms to the Regia grammar,1,,
11,R5,syntax,,"nobles react during the ball, conditioned on enamoured / friendly",conforms to the Regia grammar,1,,
13,R5,syntax,,"nobles react during the ball, conditioned on enamoured / friendly",conforms to the Regia grammar,1,,
14,R5,syntax,,"nobles react during the ball, conditioned on enamoured / friendly",conforms to the Regia grammar,1,,
15,R5,syntax,,"nobles react during the ball, conditioned on enamoured / friendly",conforms to the Regia grammar,1,,
16,R5,syntax,,"nobles react during the ball, conditioned on enamoured / friendly",conforms to the Regia grammar,1,,
18,R5,syntax,,"nobles react during the ball, conditioned on enamoured / friendly",conforms to the Regia grammar,1,,
20,R5,syntax,,"nobles react during the ball, conditioned on enamoured / friendly",conforms to the Regia grammar,1,,
21,R5,syntax,,"nobles react during the ball, conditioned on enamoured / friendly",conforms to the Regia grammar,1,,
