item,option_id,is_correct,option_text,n_selected,selection_rate,correct_rate
C1,C1_o1,1,"It describes one of the many reactive plans that are grouped under the NobleSocializing Playbook; hence, it is a local-level description.",22,0.8461538461538461,0.8461538461538461
C1,C1_o2,1,"When an agent meeting the TEMPER constraints and playing a role associated with NobleSocializing hears an insult, it either complains and lets the Regia ""narrative layer"" know that an insult has been thrown (if he is not drunk, and hates the host), or celebrates the host by  toasting him, otherwise.",23,0.8846153846153846,0.8846153846153846
C1,C1_o3,0,"When an agent playing a role that has been assigned the NobleSocializing Playbook hears an insult, it increases its priority to react to the insult by 5 units, it decreases its sympathy by 0.5 units, and it increases its aggressivennes by 0.2 units.",2,0.07692307692307693,0.9230769230769231
C1,C1_o4,1,"The plan has static priority 5 and can only be adopted by agents playing a role that has been assigned the NobleSocializing, and  whose sympathy is > -0.5; as a side effect of executing the plan, the agent's aggressivennes is increased by 0.2.",18,0.6923076923076923,0.6923076923076923
C1,C1_o5,0,"It describes a Plot, namely a narrative at a global level; the story is that once an insult is heard, every agent in the scenario who is not drunk and hates the host will complain; all the others will toast the host.",2,0.07692307692307693,0.9230769230769231
C2,C2_o1,0,"It describes one of the many reactive plans that are grouped under the RoyalBanquet Playbook; hence, it is a local-level description.",1,0.038461538461538464,0.9615384615384616
C2,C2_o2,0,"When an agent playing a role assigned the RoyalBanquet Playbook starts its execution cycle, it first enters a reception phase, then a feast phase, then a duel_interruption phase (in exactly this order); after the last phase is over, the agent may take one among the two Host and Guest roles.",2,0.07692307692307693,0.9230769230769231
C2,C2_o3,1,"It describes a Plot, namely a narrative at a global level.",25,0.9615384615384616,0.9615384615384616
C2,C2_o4,0,"It states that there are only two agents in the scenario, one named Host and one named Guest.",9,0.34615384615384615,0.6538461538461539
C2,C2_o5,1,"The RoyalBanquet plot starts in the reception phase, but from this fragment alone it is not possible to know which phase will come next: some TRANSITION TO statement inside a DURING block should drive phase transitions. The statements  ROLE Host. and ROLE Guest. declare that these two roles will be involved in this plot. From the fragment alone it is impossible to know which Playbook will be assigned to these roles, but it makes sense that some assignment, or some Role DO Action, will appear later in the Plot.",23,0.8846153846153846,0.8846153846153846
C3,C3_o1,0,"It describes what may happen during the PLOT phase, which is one of the phases designed by the Regia programmer.",8,0.3076923076923077,0.6923076923076923
C3,C3_o2,0,It states that the attribute PRIORITY associated with the assassin becomes 9 when the assassin is spotted.,2,0.07692307692307693,0.9230769230769231
C3,C3_o3,0,"It states that this scenario involves one specific agent identified by the name WORLD, that is in charge for locking doors when the assassin is spotted.",2,0.07692307692307693,0.9230769230769231
C3,C3_o4,0,"It states that this scenario involves one specific agent identified by the name Host, that is in charge for calling guards when the doors are locked.",9,0.34615384615384615,0.6538461538461539
C3,C3_o5,1,"It states that whatever the current phase the Plot is in, when the assassin is spotted this block gains a very high priority (9); the world, namely some mechanism properly implemented in the environment (whatever the environment is; it might be a videogame, a multiagent system environment, a Virtual Reality environment) will ensure that doors are locked, while one agent playing the Host role will make sure to call guards. Then, the Plot ends.",25,0.9615384615384616,0.9615384615384616
