respondent,item,question,level,tp,fn,fp,tn,plus_minus
1,C1,Q3,Playbook,3,0,0,2,1.0
2,C1,Q3,Playbook,3,0,0,2,1.0
3,C1,Q3,Playbook,2,1,0,2,0.6666666666666666
4,C1,Q3,Playbook,3,0,0,2,1.0
5,C1,Q3,Playbook,3,0,0,2,1.0
6,C1,Q3,Playbook,3,0,0,2,1.0
7,C1,Q3,Playbook,3,0,0,2,1.0
8,C1,Q3,Playbook,3,0,0,2,1.0
9,C1,Q3,Playbook,2,1,0,2,0.6666666666666666
10,C1,Q3,Playbook,3,0,0,2,1.0
11,C1,Q3,Playbook,1,2,0,2,0.3333333333333333
12,C1,Q3,Playbook,2,1,0,2,0.6666666666666666
13,C1,Q3,Playbook,1,2,0,2,0.3333333333333333
14,C1,Q3,Playbook,3,0,0,2,1.0
15,C1,Q3,Playbook,3,0,0,2,1.0
16,C1,Q3,Playbook,3,0,0,2,1.0
17,C1,Q3,Playbook,2,1,0,2,0.6666666666666666
18,C1,Q3,Playbook,3,0,0,2,1.0
19,C1,Q3,Playbook,2,1,1,1,0.16666666666666663
20,C1,Q3,Playbook,2,1,0,2,0.6666666666666666
21,C1,Q3,Playbook,2,1,1,1,0.16666666666666663
22,C1,Q3,Playbook,1,2,1,1,-0.16666666666666669
23,C1,Q3,Playbook,2,1,0,2,0.6666666666666666
24,C1,Q3,Playbook,3,0,0,2,1.0
25,C1,Q3,Playbook,2,1,1,1,0.16666666666666663
26,C1,Q3,Playbook,3,0,0,2,1.0
1,C2,Q6,Plot,2,0,1,2,0.6666666666666667
2,C2,Q6,Plot,2,0,1,2,0.6666666666666667
3,C2,Q6,Plot,2,0,1,2,0.6666666666666667
4,C2,Q6,Plot,2,0,1,2,0.6666666666666667
5,C2,Q6,Plot,2,0,0,3,1.0
6,C2,Q6,Plot,2,0,0,3,1.0
7,C2,Q6,Plot,2,0,0,3,1.0
8,C2,Q6,Plot,2,0,0,3,1.0
9,C2,Q6,Plot,1,1,0,3,0.5
10,C2,Q6,Plot,2,0,0,3,1.0
11,C2,Q6,Plot,2,0,0,3,1.0
12,C2,Q6,Plot,2,0,0,3,1.0
13,C2,Q6,Plot,2,0,0,3,1.0
14,C2,Q6,Plot,2,0,0,3,1.0
15,C2,Q6,Plot,2,0,1,2,0.6666666666666667
16,C2,Q6,Plot,1,1,2,1,-0.16666666666666663
17,C2,Q6,Plot,2,0,0,3,1.0
18,C2,Q6,Plot,2,0,0,3,1.0
19,C2,Q6,Plot,1,1,0,3,0.5
20,C2,Q6,Plot,2,0,0,3,1.0
21,C2,Q6,Plot,1,1,2,1,-0.16666666666666663
22,C2,Q6,Plot,2,0,1,2,0.6666666666666667
23,C2,Q6,Plot,2,0,0,3,1.0
24,C2,Q6,Plot,2,0,1,2,0.6666666666666667
25,C2,Q6,Plot,2,0,1,2,0.6666666666666667
26,C2,Q6,Plot,2,0,0,3,1.0
1,C3,Q7,Plot,1,0,0,4,1.0
2,C3,Q7,Plot,1,0,1,3,0.75
3,C3,Q7,Plot,1,0,0,4,1.0
4,C3,Q7,Plot,1,0,1,3,0.75
5,C3,Q7,Plot,1,0,0,4,1.0
6,C3,Q7,Plot,1,0,1,3,0.75
7,C3,Q7,Plot,1,0,0,4,1.0
8,C3,Q7,Plot,1,0,2,2,0.5
9,C3,Q7,Plot,1,0,1,3,0.75
10,C3,Q7,Plot,1,0,0,4,1.0
11,C3,Q7,Plot,1,0,0,4,1.0
12,C3,Q7,Plot,1,0,0,4,1.0
13,C3,Q7,Plot,1,0,0,4,1.0
14,C3,Q7,Plot,1,0,1,3,0.75
15,C3,Q7,Plot,1,0,1,3,0.75
16,C3,Q7,Plot,1,0,1,3,0.75
17,C3,Q7,Plot,1,0,0,4,1.0
18,C3,Q7,Plot,1,0,0,4,1.0
19,C3,Q7,Plot,1,0,2,2,0.5
20,C3,Q7,Plot,1,0,1,3,0.75
21,C3,Q7,Plot,0,1,4,0,-1.0
22,C3,Q7,Plot,1,0,1,3,0.75
23,C3,Q7,Plot,1,0,0,4,1.0
24,C3,Q7,Plot,1,0,1,3,0.75
25,C3,Q7,Plot,1,0,2,2,0.5
26,C3,Q7,Plot,1,0,1,3,0.75
