respondent,semantic_total,behaviours_attempted,full_marks,truncated,semantic_score,attempted_rate,quality_when_attempted,nonblank_lines,syntax_conformance,notes,E1,E2,E3,E4,E5,syntax_errors,errors_per_100_lines
6,11,8,3,False,0.36666666666666664,0.5333333333333333,0.6875,70,1,,24,0,1,0,1,26,37.142857142857146
10,23,15,8,True,0.7666666666666667,1.0,0.7666666666666667,138,2,,4,0,6,0,0,10,7.246376811594203
11,11,9,2,False,0.36666666666666664,0.6,0.6111111111111112,29,1,,23,6,11,0,0,40,137.93103448275863
13,6,5,2,False,0.2,0.3333333333333333,0.6,7,1,,7,4,5,0,0,16,228.57142857142858
14,19,15,5,True,0.6333333333333333,1.0,0.6333333333333333,138,2,,7,9,7,0,0,23,16.666666666666668
15,21,15,7,True,0.7,1.0,0.7,126,2,,9,2,1,0,2,14,11.11111111111111
16,5,4,1,False,0.16666666666666666,0.26666666666666666,0.625,100,2,,3,0,1,0,0,4,4.0
18,11,7,4,False,0.36666666666666664,0.4666666666666667,0.7857142857142857,123,2,,4,0,0,0,0,4,3.252032520325203
20,20,11,9,False,0.6666666666666666,0.7333333333333333,0.9090909090909091,131,1,,5,1,0,2,1,9,6.870229007633588
21,12,8,4,False,0.4,0.5333333333333333,0.75,29,1,,3,2,13,0,2,20,68.96551724137932
