behaviour,desc,n,n2,n1,n0,not_attempted,mean_score,mean_proportion
B1,Princess exists as a ROLE in the banquet plot,10,7,2,0,1,1.6,0.8
B2,"during reception, the Princess greets the Guests",10,3,5,0,2,1.1,0.55
B3,"during feast, the Princess refuses to eat unless she likes the food",10,8,1,0,1,1.7,0.85
B4,Pretender exists as a ROLE and initially behaves as a Guest,10,6,3,0,1,1.5,0.75
B5,"during feast, the Pretender can talk to other Guests",10,4,3,0,3,1.1,0.55
B6,"during feast, if no food is to her liking, the Princess asks the Pretender to search",10,5,3,0,2,1.3,0.65
B7,the Pretender checks around for available food,10,2,7,0,1,1.1,0.55
B8,"on finding an appropriate dish, gives it to the Princess, ENDING the quest",10,2,5,0,3,0.9,0.45
B9,"during feast, the Princess can ask the Pretender to dance, starting a Ball",10,2,4,1,3,0.8,0.4
B10,"during the Ball, the Pretender FORGETS its other duties and only talks with her",10,1,3,0,6,0.5,0.25
B11,a Guest greeted by the Princess becomes enamoured,10,2,4,0,4,0.8,0.4
B12,a Guest who spoke with the Pretender becomes its friend,10,1,3,1,5,0.5,0.25
B13,"during the Ball, a friendly Guest cheers the couple",10,2,1,0,7,0.5,0.25
B14,"during the Ball, an enamoured Guest insults the couple, starting a duel",10,0,3,0,7,0.3,0.15
B15,a Guest that is neither or both just watches,10,0,2,1,7,0.2,0.1
