respondent,item,question,level,n_units,total,rubric_score
1,O1,Q4,Playbook,7,12.0,0.8571428571428571
1,O2,Q5,Playbook,6,12.0,1.0
1,O3,Q8,Plot,6,10.0,0.8333333333333334
1,O4,Q9,Plot,7,13.0,0.9285714285714286
2,O1,Q4,Playbook,7,12.0,0.8571428571428571
2,O2,Q5,Playbook,6,10.0,0.8333333333333334
2,O3,Q8,Plot,6,5.0,0.4166666666666667
2,O4,Q9,Plot,7,10.0,0.7142857142857143
3,O1,Q4,Playbook,7,13.0,0.9285714285714286
3,O2,Q5,Playbook,6,12.0,1.0
3,O3,Q8,Plot,6,12.0,1.0
3,O4,Q9,Plot,7,14.0,1.0
4,O1,Q4,Playbook,7,10.0,0.7142857142857143
4,O2,Q5,Playbook,6,6.0,0.5
4,O3,Q8,Plot,6,8.0,0.6666666666666666
4,O4,Q9,Plot,7,8.0,0.5714285714285714
5,O1,Q4,Playbook,7,12.0,0.8571428571428571
5,O2,Q5,Playbook,6,12.0,1.0
5,O3,Q8,Plot,6,10.0,0.8333333333333334
5,O4,Q9,Plot,7,12.0,0.8571428571428571
6,O1,Q4,Playbook,7,13.0,0.9285714285714286
6,O2,Q5,Playbook,6,11.0,0.9166666666666666
6,O3,Q8,Plot,6,11.0,0.9166666666666666
6,O4,Q9,Plot,7,12.0,0.8571428571428571
7,O1,Q4,Playbook,7,13.0,0.9285714285714286
7,O2,Q5,Playbook,6,9.0,0.75
7,O3,Q8,Plot,6,10.0,0.8333333333333334
7,O4,Q9,Plot,7,13.0,0.9285714285714286
8,O1,Q4,Playbook,7,12.0,0.8571428571428571
8,O2,Q5,Playbook,6,12.0,1.0
8,O3,Q8,Plot,6,10.0,0.8333333333333334
8,O4,Q9,Plot,7,11.0,0.7857142857142857
9,O1,Q4,Playbook,7,10.0,0.7142857142857143
9,O2,Q5,Playbook,6,11.0,0.9166666666666666
9,O3,Q8,Plot,6,10.0,0.8333333333333334
9,O4,Q9,Plot,7,12.0,0.8571428571428571
10,O1,Q4,Playbook,7,13.0,0.9285714285714286
10,O2,Q5,Playbook,6,12.0,1.0
10,O3,Q8,Plot,6,11.0,0.9166666666666666
10,O4,Q9,Plot,7,13.0,0.9285714285714286
11,O1,Q4,Playbook,7,12.0,0.8571428571428571
11,O2,Q5,Playbook,6,12.0,1.0
11,O3,Q8,Plot,6,10.0,0.8333333333333334
11,O4,Q9,Plot,7,11.0,0.7857142857142857
12,O1,Q4,Playbook,7,9.0,0.6428571428571429
12,O2,Q5,Playbook,6,12.0,1.0
12,O3,Q8,Plot,6,10.0,0.8333333333333334
12,O4,Q9,Plot,7,10.0,0.7142857142857143
13,O1,Q4,Playbook,7,9.0,0.6428571428571429
13,O2,Q5,Playbook,6,12.0,1.0
13,O3,Q8,Plot,6,10.0,0.8333333333333334
13,O4,Q9,Plot,7,11.0,0.7857142857142857
14,O1,Q4,Playbook,7,12.0,0.8571428571428571
14,O2,Q5,Playbook,6,11.0,0.9166666666666666
14,O3,Q8,Plot,6,10.0,0.8333333333333334
14,O4,Q9,Plot,7,11.0,0.7857142857142857
15,O1,Q4,Playbook,7,12.0,0.8571428571428571
15,O2,Q5,Playbook,6,6.0,0.5
15,O3,Q8,Plot,6,12.0,1.0
15,O4,Q9,Plot,7,10.0,0.7142857142857143
16,O1,Q4,Playbook,7,12.0,0.8571428571428571
16,O2,Q5,Playbook,6,12.0,1.0
16,O3,Q8,Plot,6,9.0,0.75
16,O4,Q9,Plot,7,13.0,0.9285714285714286
17,O1,Q4,Playbook,7,8.0,0.5714285714285714
17,O2,Q5,Playbook,6,12.0,1.0
17,O3,Q8,Plot,6,10.0,0.8333333333333334
17,O4,Q9,Plot,7,13.0,0.9285714285714286
18,O1,Q4,Playbook,7,13.0,0.9285714285714286
18,O2,Q5,Playbook,6,12.0,1.0
18,O3,Q8,Plot,6,10.0,0.8333333333333334
18,O4,Q9,Plot,7,14.0,1.0
19,O1,Q4,Playbook,7,9.0,0.6428571428571429
19,O2,Q5,Playbook,6,10.0,0.8333333333333334
19,O3,Q8,Plot,6,7.0,0.5833333333333334
19,O4,Q9,Plot,7,6.0,0.42857142857142855
20,O1,Q4,Playbook,7,12.0,0.8571428571428571
20,O2,Q5,Playbook,6,12.0,1.0
20,O3,Q8,Plot,6,10.0,0.8333333333333334
20,O4,Q9,Plot,7,13.0,0.9285714285714286
21,O1,Q4,Playbook,7,11.0,0.7857142857142857
21,O2,Q5,Playbook,6,12.0,1.0
21,O3,Q8,Plot,6,9.0,0.75
21,O4,Q9,Plot,7,14.0,1.0
22,O1,Q4,Playbook,7,10.0,0.7142857142857143
22,O2,Q5,Playbook,6,10.0,0.8333333333333334
22,O3,Q8,Plot,6,8.0,0.6666666666666666
22,O4,Q9,Plot,7,8.0,0.5714285714285714
23,O1,Q4,Playbook,7,12.0,0.8571428571428571
23,O2,Q5,Playbook,6,10.0,0.8333333333333334
23,O3,Q8,Plot,6,9.0,0.75
23,O4,Q9,Plot,7,10.0,0.7142857142857143
24,O1,Q4,Playbook,7,10.0,0.7142857142857143
24,O2,Q5,Playbook,6,12.0,1.0
24,O3,Q8,Plot,6,9.0,0.75
24,O4,Q9,Plot,7,9.0,0.6428571428571429
25,O1,Q4,Playbook,7,11.0,0.7857142857142857
25,O2,Q5,Playbook,6,10.0,0.8333333333333334
25,O3,Q8,Plot,6,10.0,0.8333333333333334
25,O4,Q9,Plot,7,10.0,0.7142857142857143
26,O1,Q4,Playbook,7,11.0,0.7857142857142857
26,O2,Q5,Playbook,6,12.0,1.0
26,O3,Q8,Plot,6,12.0,1.0
26,O4,Q9,Plot,7,11.0,0.7857142857142857
