respondent,bg_cs,bg_design,bg_dev,bg_game,group,has_game_experience,attempted_generation,closed_score,open_score,open_items_scored,comprehension,semantic_score,syntax_errors,errors_per_100_lines,self_rated_comprehensibility
1,True,False,True,True,CS + game,True,False,0.888888888888889,0.9047619047619048,4,0.8968253968253969,,,,4
2,True,False,False,False,CS only,False,False,0.8055555555555557,0.7053571428571428,4,0.7554563492063493,,,,2
3,False,True,False,True,Game only,True,False,0.7777777777777778,0.9821428571428572,4,0.8799603174603174,,,,4
4,False,True,True,True,Game only,True,False,0.8055555555555557,0.6130952380952381,4,0.709325396825397,,,,2
5,True,True,True,True,CS + game,True,False,1.0,0.8869047619047619,4,0.9434523809523809,,,,4
6,True,False,False,False,CS only,False,True,0.9166666666666666,0.9047619047619048,4,0.9107142857142857,0.36666666666666664,26.0,37.142857142857146,4
7,True,False,True,True,CS + game,True,False,1.0,0.8601190476190477,4,0.9300595238095238,,,,5
8,True,False,False,False,CS only,False,False,0.8333333333333334,0.8690476190476191,4,0.8511904761904763,,,,4
9,True,False,False,False,CS only,False,False,0.6388888888888888,0.8303571428571428,4,0.7346230158730158,,,,4
10,True,False,False,False,CS only,False,True,1.0,0.9434523809523809,4,0.9717261904761905,0.7666666666666667,10.0,7.246376811594203,5
11,True,False,False,False,CS only,False,True,0.7777777777777777,0.8690476190476191,4,0.8234126984126984,0.36666666666666664,40.0,137.93103448275863,1
12,True,False,False,False,CS only,False,False,0.8888888888888888,0.7976190476190477,4,0.8432539682539683,,,,3
13,True,False,False,False,CS only,False,True,0.7777777777777777,0.8154761904761905,4,0.7966269841269841,0.2,16.0,228.57142857142858,4
14,True,True,True,True,CS + game,True,True,0.9166666666666666,0.8482142857142857,4,0.8824404761904762,0.6333333333333333,23.0,16.666666666666668,4
15,True,False,True,True,CS + game,True,True,0.8055555555555557,0.7678571428571428,4,0.7867063492063493,0.7,14.0,11.11111111111111,5
16,True,False,False,False,CS only,False,True,0.5277777777777778,0.8839285714285714,4,0.7058531746031746,0.16666666666666666,4.0,4.0,3
17,True,False,False,False,CS only,False,False,0.8888888888888888,0.8333333333333334,4,0.8611111111111112,,,,5
18,True,False,False,False,CS only,False,True,1.0,0.9404761904761905,4,0.9702380952380952,0.36666666666666664,4.0,3.252032520325203,4
19,True,False,False,False,CS only,False,False,0.38888888888888884,0.6220238095238095,4,0.5054563492063492,,,,3
20,True,False,True,True,CS + game,True,True,0.8055555555555555,0.9047619047619048,4,0.8551587301587301,0.6666666666666666,9.0,6.870229007633588,4
21,True,False,False,False,CS only,False,True,-0.3333333333333333,0.8839285714285714,4,0.27529761904761907,0.4,20.0,68.96551724137932,4
22,True,False,False,False,CS only,False,False,0.4166666666666667,0.6964285714285714,4,0.5565476190476191,,,,4
23,True,False,False,False,CS only,False,False,0.8888888888888888,0.7886904761904762,4,0.8387896825396826,,,,4
24,False,True,True,True,Game only,True,False,0.8055555555555557,0.7767857142857143,4,0.791170634920635,,,,5
25,True,False,False,False,CS only,False,False,0.4444444444444445,0.7916666666666667,4,0.6180555555555556,,,,4
26,True,False,False,False,CS only,False,False,0.9166666666666666,0.8928571428571428,4,0.9047619047619047,,,,2
