analysis,size,model,k,k_low,k_high,r2,C_ms,points,ms_per_kloc,overhead_ms,max_rel_residual
Pooled sweeps,input_loc,power,1.0333654019830996,1.0050116347532272,1.061719169212972,0.9888365065093812,0.01226188720679153,62,,,
Pooled sweeps,input_loc,linear,,,,0.9813513477509076,,62,17.554796650956323,-1.0840958690157745,0.9598506246684063
Pooled sweeps,output_loc,power,0.8066406086755862,0.7000425059497948,0.9132387114013776,0.792468993898399,0.021704318356749762,62,,,
Pooled sweeps,output_loc,linear,,,,0.7590005831510217,,62,2.928867126162611,4.014018567327444,3.659102839907425
Roles,input_loc,power,1.0512591186837275,1.012810358824766,1.0897078785426888,0.9983281696386158,0.012372734340795081,9,,,
Roles,input_loc,linear,,,,0.9998850131229253,,9,18.784904773351446,-0.4927149124867469,0.1564394343458279
Roles,output_loc,power,0.8498316782352906,0.7858360276868375,0.9138273287837437,0.9929508524818841,0.013959870643808034,9,,,
Roles,output_loc,linear,,,,0.9998850131229253,,9,3.2873583353365037,0.8208195537898497,0.15643943434582983
Phases,input_loc,power,0.984965172290285,0.9229514201690735,1.0469789244114964,0.9960433547530629,0.015685472178786096,8,,,
Phases,input_loc,linear,,,,0.9993937831141945,,8,14.530386699888417,-0.19905399238117916,0.2602231457512965
Phases,output_loc,power,1.4386190763210616,1.279961027784407,1.5972771248577162,0.9879583548026456,0.0006216627120644729,8,,,
Phases,output_loc,linear,,,,0.9993937831141942,,8,18.16298337486052,-3.3848412763317146,0.26022314575129624
Playbooks,input_loc,power,1.0383697240252332,0.9995041399186052,1.0772353081318613,0.9985980527246062,0.01193727555384124,8,,,
Playbooks,input_loc,linear,,,,0.9996263204128979,,8,16.19962800575715,-0.2141887162228695,0.16200361385429185
Playbooks,output_loc,power,1.140873708563377,1.0880431580745404,1.1937042590522138,0.9978557397756634,0.0027207442218913176,8,,,
Playbooks,output_loc,linear,,,,0.9996374454807666,,8,8.729785669366326,-0.6984232936783243,0.07381028606908172
Plans per Playbook,input_loc,power,1.0659457092399516,1.012407220359664,1.1194841981202392,0.9974783771089312,0.010692176796027141,8,,,
Plans per Playbook,input_loc,linear,,,,0.9996485721078432,,8,17.458827562245244,-0.35797751118658994,0.1289429589633976
Plans per Playbook,output_loc,power,1.2369658037664086,1.1404493356925745,1.3334822718402428,0.9939359821728911,0.001783936324475607,8,,,
Plans per Playbook,output_loc,linear,,,,0.9996485721078436,,8,11.639218374830161,-1.446244429233209,0.12894295896339694
Branches per Plan,input_loc,power,1.17046019973392,1.0599793541939453,1.2809410452738945,0.993303470811492,0.006342320337819299,7,,,
Branches per Plan,input_loc,linear,,,,0.9988976554530984,,7,19.838071174905664,-0.6943926206108957,0.1535534642864632
Branches per Plan,output_loc,power,1.3868989979390973,1.2469856249837923,1.5268123708944024,0.9923580478187313,0.0007208176924261639,7,,,
Branches per Plan,output_loc,linear,,,,0.9990920374765057,,7,11.919593464028438,-1.5906360320394946,0.13135534333183999
Statements per Branch,input_loc,power,1.0916565280634472,1.0267692351200657,1.1565438210068286,0.9964720129127966,0.00920879175611633,8,,,
Statements per Branch,input_loc,linear,,,,0.9998715640721033,,8,18.33749720919557,-0.5918995037984889,0.18087780710258666
Statements per Branch,output_loc,power,1.4880997406899272,1.2813376474280305,1.694861833951824,0.9810211140992895,0.00044817804244820275,8,,,
Statements per Branch,output_loc,linear,,,,0.9998715640721033,,8,18.33749720919557,-3.3791990795962157,0.18087780710258666
Subplot Breadth,input_loc,power,0.9342781729331666,0.8063302213331835,1.0622261245331497,0.9860072996178086,0.01874914326552769,7,,,
Subplot Breadth,input_loc,linear,,,,0.9985089013459872,,7,12.265253583355332,0.13883275748628687,0.1720562453809114
Subplot Breadth,output_loc,power,0.5736424773759882,0.41040293278664275,0.7368820219653336,0.9422638514733784,0.05833359248355886,7,,,
Subplot Breadth,output_loc,linear,,,,0.9992831378409043,,7,1.3603737956015054,1.3090900475622105,0.1188386649802141
Subplot Depth,input_loc,power,0.9464837211225718,0.8652565611417291,1.0277108811034146,0.9944579581209729,0.01792321437077912,7,,,
Subplot Depth,input_loc,linear,,,,0.999823954208959,,7,12.23622592572878,0.14005616039672297,0.17208589036572727
Subplot Depth,output_loc,power,0.6905318500257994,0.5255402345320438,0.855523465519555,0.9585908116830492,0.027961416290529048,7,,,
Subplot Depth,output_loc,linear,,,,0.9998684333525907,,7,1.567884279572462,1.1964680367124014,0.14757323029092256
Realistic project,input_loc,power,1.0920843045679918,1.0199903886086261,1.1641782205273574,0.9987107898152935,0.008650707651980288,5,,,
Realistic project,input_loc,linear,,,,0.9961453101067539,,5,28.088540596699744,-64.49629982371846,8.342920229807309
Realistic project,output_loc,power,1.156280381520877,1.12186908869185,1.190691674349904,0.9997377226247174,0.002763092857567672,5,,,
Realistic project,output_loc,linear,,,,0.9957237168543875,,5,19.09617721912115,-73.52997036935619,8.967106957745845
Narrative-heavy,input_loc,power,1.0738832434821586,0.9988403814026862,1.148926105561631,0.9974725219263927,0.010309867877558481,6,,,
Narrative-heavy,input_loc,linear,,,,0.9997988483877034,,6,19.727960042965694,-1.1531255750001108,0.5087358581922876
Narrative-heavy,output_loc,power,1.2682352616394283,1.150103415744222,1.3863671075346347,0.9955180677456875,0.0014561469158629187,6,,,
Narrative-heavy,output_loc,linear,,,,0.9978589664199243,,6,16.787403101619017,-4.947851234175893,1.7899764281953383
Reactive-heavy,input_loc,power,1.057918899793495,1.017219321757382,1.098618477829608,0.9992325970515058,0.011476753783835393,6,,,
Reactive-heavy,input_loc,linear,,,,0.9997773433025384,,6,20.49449012150793,-2.5394687666137514,1.3038506460164174
Reactive-heavy,output_loc,power,1.1436960459625396,1.064450971174685,1.2229411207503942,0.9975150104402016,0.003152008803205697,6,,,
Reactive-heavy,output_loc,linear,,,,0.999731733878379,,6,13.091190749471465,-3.8983698726516565,1.4771969801799478
