respondent,item,n_correct,n_distractor,hits,false_alarms,sensitivity,specificity,BA,J
1,C1,3,2,3,0,1.0,1.0,1.0,1.0
1,C2,2,3,2,1,1.0,0.6667,0.8333,0.6667
1,C3,1,4,1,0,1.0,1.0,1.0,1.0
2,C1,3,2,3,0,1.0,1.0,1.0,1.0
2,C2,2,3,2,1,1.0,0.6667,0.8333,0.6667
2,C3,1,4,1,1,1.0,0.75,0.875,0.75
3,C1,3,2,2,0,0.6667,1.0,0.8333,0.6667
3,C2,2,3,2,1,1.0,0.6667,0.8333,0.6667
3,C3,1,4,1,0,1.0,1.0,1.0,1.0
4,C1,3,2,3,0,1.0,1.0,1.0,1.0
4,C2,2,3,2,1,1.0,0.6667,0.8333,0.6667
4,C3,1,4,1,1,1.0,0.75,0.875,0.75
5,C1,3,2,3,0,1.0,1.0,1.0,1.0
5,C2,2,3,2,0,1.0,1.0,1.0,1.0
5,C3,1,4,1,0,1.0,1.0,1.0,1.0
6,C1,3,2,3,0,1.0,1.0,1.0,1.0
6,C2,2,3,2,0,1.0,1.0,1.0,1.0
6,C3,1,4,1,1,1.0,0.75,0.875,0.75
7,C1,3,2,3,0,1.0,1.0,1.0,1.0
7,C2,2,3,2,0,1.0,1.0,1.0,1.0
7,C3,1,4,1,0,1.0,1.0,1.0,1.0
8,C1,3,2,3,0,1.0,1.0,1.0,1.0
8,C2,2,3,2,0,1.0,1.0,1.0,1.0
8,C3,1,4,1,2,1.0,0.5,0.75,0.5
9,C1,3,2,2,0,0.6667,1.0,0.8333,0.6667
9,C2,2,3,1,0,0.5,1.0,0.75,0.5
9,C3,1,4,1,1,1.0,0.75,0.875,0.75
10,C1,3,2,3,0,1.0,1.0,1.0,1.0
10,C2,2,3,2,0,1.0,1.0,1.0,1.0
10,C3,1,4,1,0,1.0,1.0,1.0,1.0
11,C1,3,2,1,0,0.3333,1.0,0.6667,0.3333
11,C2,2,3,2,0,1.0,1.0,1.0,1.0
11,C3,1,4,1,0,1.0,1.0,1.0,1.0
12,C1,3,2,2,0,0.6667,1.0,0.8333,0.6667
12,C2,2,3,2,0,1.0,1.0,1.0,1.0
12,C3,1,4,1,0,1.0,1.0,1.0,1.0
13,C1,3,2,1,0,0.3333,1.0,0.6667,0.3333
13,C2,2,3,2,0,1.0,1.0,1.0,1.0
13,C3,1,4,1,0,1.0,1.0,1.0,1.0
14,C1,3,2,3,0,1.0,1.0,1.0,1.0
14,C2,2,3,2,0,1.0,1.0,1.0,1.0
14,C3,1,4,1,1,1.0,0.75,0.875,0.75
15,C1,3,2,3,0,1.0,1.0,1.0,1.0
15,C2,2,3,2,1,1.0,0.6667,0.8333,0.6667
15,C3,1,4,1,1,1.0,0.75,0.875,0.75
16,C1,3,2,3,0,1.0,1.0,1.0,1.0
16,C2,2,3,1,2,0.5,0.3333,0.4167,-0.1667
16,C3,1,4,1,1,1.0,0.75,0.875,0.75
17,C1,3,2,2,0,0.6667,1.0,0.8333,0.6667
17,C2,2,3,2,0,1.0,1.0,1.0,1.0
17,C3,1,4,1,0,1.0,1.0,1.0,1.0
18,C1,3,2,3,0,1.0,1.0,1.0,1.0
18,C2,2,3,2,0,1.0,1.0,1.0,1.0
18,C3,1,4,1,0,1.0,1.0,1.0,1.0
19,C1,3,2,2,1,0.6667,0.5,0.5833,0.1667
19,C2,2,3,1,0,0.5,1.0,0.75,0.5
19,C3,1,4,1,2,1.0,0.5,0.75,0.5
20,C1,3,2,2,0,0.6667,1.0,0.8333,0.6667
20,C2,2,3,2,0,1.0,1.0,1.0,1.0
20,C3,1,4,1,1,1.0,0.75,0.875,0.75
21,C1,3,2,2,1,0.6667,0.5,0.5833,0.1667
21,C2,2,3,1,2,0.5,0.3333,0.4167,-0.1667
21,C3,1,4,0,4,0.0,0.0,0.0,-1.0
