respondent,item,option_id,is_correct,ticked
1,C1,C1_o1,1,1
1,C1,C1_o2,1,1
1,C1,C1_o3,0,0
1,C1,C1_o4,1,1
1,C1,C1_o5,0,0
2,C1,C1_o1,1,1
2,C1,C1_o2,1,1
2,C1,C1_o3,0,0
2,C1,C1_o4,1,1
2,C1,C1_o5,0,0
3,C1,C1_o1,1,0
3,C1,C1_o2,1,1
3,C1,C1_o3,0,0
3,C1,C1_o4,1,1
3,C1,C1_o5,0,0
4,C1,C1_o1,1,1
4,C1,C1_o2,1,1
4,C1,C1_o3,0,0
4,C1,C1_o4,1,1
4,C1,C1_o5,0,0
5,C1,C1_o1,1,1
5,C1,C1_o2,1,1
5,C1,C1_o3,0,0
5,C1,C1_o4,1,1
5,C1,C1_o5,0,0
6,C1,C1_o1,1,1
6,C1,C1_o2,1,1
6,C1,C1_o3,0,0
6,C1,C1_o4,1,1
6,C1,C1_o5,0,0
7,C1,C1_o1,1,1
7,C1,C1_o2,1,1
7,C1,C1_o3,0,0
7,C1,C1_o4,1,1
7,C1,C1_o5,0,0
8,C1,C1_o1,1,1
8,C1,C1_o2,1,1
8,C1,C1_o3,0,0
8,C1,C1_o4,1,1
8,C1,C1_o5,0,0
9,C1,C1_o1,1,1
9,C1,C1_o2,1,0
9,C1,C1_o3,0,0
9,C1,C1_o4,1,1
9,C1,C1_o5,0,0
10,C1,C1_o1,1,1
10,C1,C1_o2,1,1
10,C1,C1_o3,0,0
10,C1,C1_o4,1,1
10,C1,C1_o5,0,0
11,C1,C1_o1,1,1
11,C1,C1_o2,1,0
11,C1,C1_o3,0,0
11,C1,C1_o4,1,0
11,C1,C1_o5,0,0
12,C1,C1_o1,1,1
12,C1,C1_o2,1,1
12,C1,C1_o3,0,0
12,C1,C1_o4,1,0
12,C1,C1_o5,0,0
13,C1,C1_o1,1,0
13,C1,C1_o2,1,1
13,C1,C1_o3,0,0
13,C1,C1_o4,1,0
13,C1,C1_o5,0,0
14,C1,C1_o1,1,1
14,C1,C1_o2,1,1
14,C1,C1_o3,0,0
14,C1,C1_o4,1,1
14,C1,C1_o5,0,0
15,C1,C1_o1,1,1
15,C1,C1_o2,1,1
15,C1,C1_o3,0,0
15,C1,C1_o4,1,1
15,C1,C1_o5,0,0
16,C1,C1_o1,1,1
16,C1,C1_o2,1,1
16,C1,C1_o3,0,0
16,C1,C1_o4,1,1
16,C1,C1_o5,0,0
17,C1,C1_o1,1,1
17,C1,C1_o2,1,1
17,C1,C1_o3,0,0
17,C1,C1_o4,1,0
17,C1,C1_o5,0,0
18,C1,C1_o1,1,1
18,C1,C1_o2,1,1
18,C1,C1_o3,0,0
18,C1,C1_o4,1,1
18,C1,C1_o5,0,0
19,C1,C1_o1,1,0
19,C1,C1_o2,1,1
19,C1,C1_o3,0,0
19,C1,C1_o4,1,1
19,C1,C1_o5,0,1
20,C1,C1_o1,1,0
20,C1,C1_o2,1,1
20,C1,C1_o3,0,0
20,C1,C1_o4,1,1
20,C1,C1_o5,0,0
21,C1,C1_o1,1,1
21,C1,C1_o2,1,1
21,C1,C1_o3,0,0
21,C1,C1_o4,1,0
21,C1,C1_o5,0,1
1,C2,C2_o1,0,0
1,C2,C2_o2,0,0
1,C2,C2_o3,1,1
1,C2,C2_o4,0,1
1,C2,C2_o5,1,1
2,C2,C2_o1,0,0
2,C2,C2_o2,0,0
2,C2,C2_o3,1,1
2,C2,C2_o4,0,1
2,C2,C2_o5,1,1
3,C2,C2_o1,0,0
3,C2,C2_o2,0,0
3,C2,C2_o3,1,1
3,C2,C2_o4,0,1
3,C2,C2_o5,1,1
4,C2,C2_o1,0,0
4,C2,C2_o2,0,0
4,C2,C2_o3,1,1
4,C2,C2_o4,0,1
4,C2,C2_o5,1,1
5,C2,C2_o1,0,0
5,C2,C2_o2,0,0
5,C2,C2_o3,1,1
5,C2,C2_o4,0,0
5,C2,C2_o5,1,1
6,C2,C2_o1,0,0
6,C2,C2_o2,0,0
6,C2,C2_o3,1,1
6,C2,C2_o4,0,0
6,C2,C2_o5,1,1
7,C2,C2_o1,0,0
7,C2,C2_o2,0,0
7,C2,C2_o3,1,1
7,C2,C2_o4,0,0
7,C2,C2_o5,1,1
8,C2,C2_o1,0,0
8,C2,C2_o2,0,0
8,C2,C2_o3,1,1
8,C2,C2_o4,0,0
8,C2,C2_o5,1,1
9,C2,C2_o1,0,0
9,C2,C2_o2,0,0
9,C2,C2_o3,1,1
9,C2,C2_o4,0,0
9,C2,C2_o5,1,0
10,C2,C2_o1,0,0
10,C2,C2_o2,0,0
10,C2,C2_o3,1,1
10,C2,C2_o4,0,0
10,C2,C2_o5,1,1
11,C2,C2_o1,0,0
11,C2,C2_o2,0,0
11,C2,C2_o3,1,1
11,C2,C2_o4,0,0
11,C2,C2_o5,1,1
12,C2,C2_o1,0,0
12,C2,C2_o2,0,0
12,C2,C2_o3,1,1
12,C2,C2_o4,0,0
12,C2,C2_o5,1,1
13,C2,C2_o1,0,0
13,C2,C2_o2,0,0
13,C2,C2_o3,1,1
13,C2,C2_o4,0,0
13,C2,C2_o5,1,1
14,C2,C2_o1,0,0
14,C2,C2_o2,0,0
14,C2,C2_o3,1,1
14,C2,C2_o4,0,0
14,C2,C2_o5,1,1
15,C2,C2_o1,0,0
15,C2,C2_o2,0,0
15,C2,C2_o3,1,1
15,C2,C2_o4,0,1
15,C2,C2_o5,1,1
16,C2,C2_o1,0,0
16,C2,C2_o2,0,1
16,C2,C2_o3,1,1
16,C2,C2_o4,0,1
16,C2,C2_o5,1,0
17,C2,C2_o1,0,0
17,C2,C2_o2,0,0
17,C2,C2_o3,1,1
17,C2,C2_o4,0,0
17,C2,C2_o5,1,1
18,C2,C2_o1,0,0
18,C2,C2_o2,0,0
18,C2,C2_o3,1,1
18,C2,C2_o4,0,0
18,C2,C2_o5,1,1
19,C2,C2_o1,0,0
19,C2,C2_o2,0,0
19,C2,C2_o3,1,1
19,C2,C2_o4,0,0
19,C2,C2_o5,1,0
20,C2,C2_o1,0,0
20,C2,C2_o2,0,0
20,C2,C2_o3,1,1
20,C2,C2_o4,0,0
20,C2,C2_o5,1,1
21,C2,C2_o1,0,1
21,C2,C2_o2,0,1
21,C2,C2_o3,1,0
21,C2,C2_o4,0,0
21,C2,C2_o5,1,1
1,C3,C3_o1,0,0
1,C3,C3_o2,0,0
1,C3,C3_o3,0,0
1,C3,C3_o4,0,0
1,C3,C3_o5,1,1
2,C3,C3_o1,0,1
2,C3,C3_o2,0,0
2,C3,C3_o3,0,0
2,C3,C3_o4,0,0
2,C3,C3_o5,1,1
3,C3,C3_o1,0,0
3,C3,C3_o2,0,0
3,C3,C3_o3,0,0
3,C3,C3_o4,0,0
3,C3,C3_o5,1,1
4,C3,C3_o1,0,0
4,C3,C3_o2,0,0
4,C3,C3_o3,0,0
4,C3,C3_o4,0,1
4,C3,C3_o5,1,1
5,C3,C3_o1,0,0
5,C3,C3_o2,0,0
5,C3,C3_o3,0,0
5,C3,C3_o4,0,0
5,C3,C3_o5,1,1
6,C3,C3_o1,0,0
6,C3,C3_o2,0,0
6,C3,C3_o3,0,0
6,C3,C3_o4,0,1
6,C3,C3_o5,1,1
7,C3,C3_o1,0,0
7,C3,C3_o2,0,0
7,C3,C3_o3,0,0
7,C3,C3_o4,0,0
7,C3,C3_o5,1,1
8,C3,C3_o1,0,1
8,C3,C3_o2,0,0
8,C3,C3_o3,0,0
8,C3,C3_o4,0,1
8,C3,C3_o5,1,1
9,C3,C3_o1,0,1
9,C3,C3_o2,0,0
9,C3,C3_o3,0,0
9,C3,C3_o4,0,0
9,C3,C3_o5,1,1
10,C3,C3_o1,0,0
10,C3,C3_o2,0,0
10,C3,C3_o3,0,0
10,C3,C3_o4,0,0
10,C3,C3_o5,1,1
11,C3,C3_o1,0,0
11,C3,C3_o2,0,0
11,C3,C3_o3,0,0
11,C3,C3_o4,0,0
11,C3,C3_o5,1,1
12,C3,C3_o1,0,0
12,C3,C3_o2,0,0
12,C3,C3_o3,0,0
12,C3,C3_o4,0,0
12,C3,C3_o5,1,1
13,C3,C3_o1,0,0
13,C3,C3_o2,0,0
13,C3,C3_o3,0,0
13,C3,C3_o4,0,0
13,C3,C3_o5,1,1
14,C3,C3_o1,0,0
14,C3,C3_o2,0,0
14,C3,C3_o3,0,0
14,C3,C3_o4,0,1
14,C3,C3_o5,1,1
15,C3,C3_o1,0,0
15,C3,C3_o2,0,0
15,C3,C3_o3,0,0
15,C3,C3_o4,0,1
15,C3,C3_o5,1,1
16,C3,C3_o1,0,1
16,C3,C3_o2,0,0
16,C3,C3_o3,0,0
16,C3,C3_o4,0,0
16,C3,C3_o5,1,1
17,C3,C3_o1,0,0
17,C3,C3_o2,0,0
17,C3,C3_o3,0,0
17,C3,C3_o4,0,0
17,C3,C3_o5,1,1
18,C3,C3_o1,0,0
18,C3,C3_o2,0,0
18,C3,C3_o3,0,0
18,C3,C3_o4,0,0
18,C3,C3_o5,1,1
19,C3,C3_o1,0,1
19,C3,C3_o2,0,0
19,C3,C3_o3,0,1
19,C3,C3_o4,0,0
19,C3,C3_o5,1,1
20,C3,C3_o1,0,0
20,C3,C3_o2,0,0
20,C3,C3_o3,0,0
20,C3,C3_o4,0,1
20,C3,C3_o5,1,1
21,C3,C3_o1,0,1
21,C3,C3_o2,0,1
21,C3,C3_o3,0,1
21,C3,C3_o4,0,1
21,C3,C3_o5,1,0
