respondent,C1,C2,C3,BA_closed,J_closed
1,1.0,0.8333,1.0,0.9444,0.8889
2,1.0,0.8333,0.875,0.9028,0.8056
3,0.8333,0.8333,1.0,0.8889,0.7778
4,1.0,0.8333,0.875,0.9028,0.8056
5,1.0,1.0,1.0,1.0,1.0
6,1.0,1.0,0.875,0.9583,0.9167
7,1.0,1.0,1.0,1.0,1.0
8,1.0,1.0,0.75,0.9167,0.8333
9,0.8333,0.75,0.875,0.8194,0.6389
10,1.0,1.0,1.0,1.0,1.0
11,0.6667,1.0,1.0,0.8889,0.7778
12,0.8333,1.0,1.0,0.9444,0.8889
13,0.6667,1.0,1.0,0.8889,0.7778
14,1.0,1.0,0.875,0.9583,0.9167
15,1.0,0.8333,0.875,0.9028,0.8056
16,1.0,0.4167,0.875,0.7639,0.5278
17,0.8333,1.0,1.0,0.9444,0.8889
18,1.0,1.0,1.0,1.0,1.0
19,0.5833,0.75,0.75,0.6944,0.3889
20,0.8333,1.0,0.875,0.9028,0.8056
21,0.5833,0.4167,0.0,0.3333,-0.3333
