respondent,behaviour,code,in_scope,desc,flag
6,B1,2,1,Princess exists as a ROLE in the banquet plot,
10,B1,2,1,Princess exists as a ROLE in the banquet plot,
11,B1,1,1,Princess exists as a ROLE in the banquet plot,ROLE declared in PLOT RoyalBanquet; phases are in a separate PLOT RoyalBanquette
13,B1,-,1,Princess exists as a ROLE in the banquet plot,
14,B1,2,1,Princess exists as a ROLE in the banquet plot,
15,B1,2,1,Princess exists as a ROLE in the banquet plot,
16,B1,2,1,Princess exists as a ROLE in the banquet plot,
18,B1,2,1,Princess exists as a ROLE in the banquet plot,
20,B1,2,1,Princess exists as a ROLE in the banquet plot,
21,B1,1,1,Princess exists as a ROLE in the banquet plot,
6,B10,-,1,"during the Ball, the Pretender FORGETS its other duties and only talks with her",
10,B10,1,1,"during the Ball, the Pretender FORGETS its other duties and only talks with her","truncated at cap mid DURING ball ON ENTER: unassigns written, PretenderBall never assigned"
11,B10,-,1,"during the Ball, the Pretender FORGETS its other duties and only talks with her",
13,B10,1,1,"during the Ball, the Pretender FORGETS its other duties and only talks with her",
14,B10,1,1,"during the Ball, the Pretender FORGETS its other duties and only talks with her",
15,B10,2,1,"during the Ball, the Pretender FORGETS its other duties and only talks with her",only submission to attempt forgetting prior duties: DO FORGET(talk(Guest)) then DO talk(Princess)
16,B10,-,1,"during the Ball, the Pretender FORGETS its other duties and only talks with her",
18,B10,-,1,"during the Ball, the Pretender FORGETS its other duties and only talks with her",
20,B10,-,1,"during the Ball, the Pretender FORGETS its other duties and only talks with her","DURING ball: present but empty, with ""I do not know howw to continue"""
21,B10,-,1,"during the Ball, the Pretender FORGETS its other duties and only talks with her",
6,B11,1,1,a Guest greeted by the Princess becomes enamoured,
10,B11,1,1,a Guest greeted by the Princess becomes enamoured,handler is correct but EVENT princess_greeted is never raised by speak()
11,B11,-,1,a Guest greeted by the Princess becomes enamoured,
13,B11,-,1,a Guest greeted by the Princess becomes enamoured,
14,B11,1,1,a Guest greeted by the Princess becomes enamoured,"effect stated only in a code comment, not in code"
15,B11,2,1,a Guest greeted by the Princess becomes enamoured,
16,B11,-,1,a Guest greeted by the Princess becomes enamoured,
18,B11,-,1,a Guest greeted by the Princess becomes enamoured,
20,B11,2,1,a Guest greeted by the Princess becomes enamoured,
21,B11,1,1,a Guest greeted by the Princess becomes enamoured,
6,B12,1,1,a Guest who spoke with the Pretender becomes its friend,"also FORGETs enamoured, which the spec does not ask and which breaks the both-case"
10,B12,1,1,a Guest who spoke with the Pretender becomes its friend,handler is correct but EVENT pretender_greeted is never raised
11,B12,-,1,a Guest who spoke with the Pretender becomes its friend,
13,B12,-,1,a Guest who spoke with the Pretender becomes its friend,
14,B12,1,1,a Guest who spoke with the Pretender becomes its friend,"effect stated only in a code comment, not in code"
15,B12,0,1,a Guest who spoke with the Pretender becomes its friend,triggers on princess_speaks rather than pretender_speaks
16,B12,-,1,a Guest who spoke with the Pretender becomes its friend,
18,B12,-,1,a Guest who spoke with the Pretender becomes its friend,
20,B12,2,1,a Guest who spoke with the Pretender becomes its friend,
21,B12,-,1,a Guest who spoke with the Pretender becomes its friend,
6,B13,-,1,"during the Ball, a friendly Guest cheers the couple",
10,B13,2,1,"during the Ball, a friendly Guest cheers the couple",
11,B13,-,1,"during the Ball, a friendly Guest cheers the couple",
13,B13,-,1,"during the Ball, a friendly Guest cheers the couple",
14,B13,1,1,"during the Ball, a friendly Guest cheers the couple",
15,B13,2,1,"during the Ball, a friendly Guest cheers the couple",
16,B13,-,1,"during the Ball, a friendly Guest cheers the couple",
18,B13,-,1,"during the Ball, a friendly Guest cheers the couple",
20,B13,-,1,"during the Ball, a friendly Guest cheers the couple",
21,B13,-,1,"during the Ball, a friendly Guest cheers the couple",
6,B14,-,1,"during the Ball, an enamoured Guest insults the couple, starting a duel",
10,B14,1,1,"during the Ball, an enamoured Guest insults the couple, starting a duel",
11,B14,-,1,"during the Ball, an enamoured Guest insults the couple, starting a duel",
13,B14,-,1,"during the Ball, an enamoured Guest insults the couple, starting a duel",
14,B14,1,1,"during the Ball, an enamoured Guest insults the couple, starting a duel",
15,B14,1,1,"during the Ball, an enamoured Guest insults the couple, starting a duel",
16,B14,-,1,"during the Ball, an enamoured Guest insults the couple, starting a duel",
18,B14,-,1,"during the Ball, an enamoured Guest insults the couple, starting a duel",
20,B14,-,1,"during the Ball, an enamoured Guest insults the couple, starting a duel",
21,B14,-,1,"during the Ball, an enamoured Guest insults the couple, starting a duel",
6,B15,-,1,a Guest that is neither or both just watches,
10,B15,1,1,a Guest that is neither or both just watches,"ELSE binds to the second IF only, so the both-case falls through"
11,B15,-,1,a Guest that is neither or both just watches,
13,B15,-,1,a Guest that is neither or both just watches,
14,B15,0,1,a Guest that is neither or both just watches,ELSE cheers; the neither/both case is never handled
15,B15,1,1,a Guest that is neither or both just watches,"NobleSocializing watches, but the playbook swap makes the both-case unreachable"
16,B15,-,1,a Guest that is neither or both just watches,
18,B15,-,1,a Guest that is neither or both just watches,
20,B15,-,1,a Guest that is neither or both just watches,
21,B15,-,1,a Guest that is neither or both just watches,
6,B2,1,1,"during reception, the Princess greets the Guests",
10,B2,2,1,"during reception, the Princess greets the Guests",
11,B2,1,1,"during reception, the Princess greets the Guests",
13,B2,-,1,"during reception, the Princess greets the Guests",
14,B2,1,1,"during reception, the Princess greets the Guests",
15,B2,1,1,"during reception, the Princess greets the Guests","greeting rule written then commented out, with a note doubting the approach"
16,B2,-,1,"during reception, the Princess greets the Guests",
18,B2,2,1,"during reception, the Princess greets the Guests",
20,B2,2,1,"during reception, the Princess greets the Guests",
21,B2,1,1,"during reception, the Princess greets the Guests",
6,B3,2,1,"during feast, the Princess refuses to eat unless she likes the food",
10,B3,2,1,"during feast, the Princess refuses to eat unless she likes the food",
11,B3,1,1,"during feast, the Princess refuses to eat unless she likes the food",
13,B3,2,1,"during feast, the Princess refuses to eat unless she likes the food",
14,B3,2,1,"during feast, the Princess refuses to eat unless she likes the food",
15,B3,2,1,"during feast, the Princess refuses to eat unless she likes the food",
16,B3,-,1,"during feast, the Princess refuses to eat unless she likes the food",
18,B3,2,1,"during feast, the Princess refuses to eat unless she likes the food",
20,B3,2,1,"during feast, the Princess refuses to eat unless she likes the food",
21,B3,2,1,"during feast, the Princess refuses to eat unless she likes the food",
6,B4,2,1,Pretender exists as a ROLE and initially behaves as a Guest,
10,B4,2,1,Pretender exists as a ROLE and initially behaves as a Guest,
11,B4,2,1,Pretender exists as a ROLE and initially behaves as a Guest,
13,B4,-,1,Pretender exists as a ROLE and initially behaves as a Guest,
14,B4,2,1,Pretender exists as a ROLE and initially behaves as a Guest,
15,B4,1,1,Pretender exists as a ROLE and initially behaves as a Guest,
16,B4,1,1,Pretender exists as a ROLE and initially behaves as a Guest,
18,B4,2,1,Pretender exists as a ROLE and initially behaves as a Guest,
20,B4,2,1,Pretender exists as a ROLE and initially behaves as a Guest,
21,B4,1,1,Pretender exists as a ROLE and initially behaves as a Guest,
6,B5,1,1,"during feast, the Pretender can talk to other Guests",
10,B5,2,1,"during feast, the Pretender can talk to other Guests",
11,B5,1,1,"during feast, the Pretender can talk to other Guests",
13,B5,-,1,"during feast, the Pretender can talk to other Guests",
14,B5,2,1,"during feast, the Pretender can talk to other Guests",
15,B5,2,1,"during feast, the Pretender can talk to other Guests",
16,B5,-,1,"during feast, the Pretender can talk to other Guests",
18,B5,1,1,"during feast, the Pretender can talk to other Guests",talks during feast but triggered by digestion_check
20,B5,2,1,"during feast, the Pretender can talk to other Guests",
21,B5,-,1,"during feast, the Pretender can talk to other Guests",
6,B6,1,1,"during feast, if no food is to her liking, the Princess asks the Pretender to search",
10,B6,2,1,"during feast, if no food is to her liking, the Princess asks the Pretender to search",
11,B6,1,1,"during feast, if no food is to her liking, the Princess asks the Pretender to search",
13,B6,2,1,"during feast, if no food is to her liking, the Princess asks the Pretender to search",
14,B6,2,1,"during feast, if no food is to her liking, the Princess asks the Pretender to search",
15,B6,1,1,"during feast, if no food is to her liking, the Princess asks the Pretender to search",
16,B6,-,1,"during feast, if no food is to her liking, the Princess asks the Pretender to search",
18,B6,-,1,"during feast, if no food is to her liking, the Princess asks the Pretender to search",
20,B6,2,1,"during feast, if no food is to her liking, the Princess asks the Pretender to search",
21,B6,2,1,"during feast, if no food is to her liking, the Princess asks the Pretender to search",
6,B7,-,1,the Pretender checks around for available food,
10,B7,1,1,the Pretender checks around for available food,"FoodSearch subplot exists and ends on found_food, but no search action is ever performed"
11,B7,2,1,the Pretender checks around for available food,
13,B7,1,1,the Pretender checks around for available food,
14,B7,1,1,the Pretender checks around for available food,
15,B7,1,1,the Pretender checks around for available food,
16,B7,1,1,the Pretender checks around for available food,
18,B7,1,1,the Pretender checks around for available food,SearchFood plot defined but never started with START SUBPLOT
20,B7,1,1,the Pretender checks around for available food,START SUBPLOT SearchFood present but the SearchFood plot is never defined
21,B7,2,1,the Pretender checks around for available food,
6,B8,-,1,"on finding an appropriate dish, gives it to the Princess, ENDING the quest",
10,B8,1,1,"on finding an appropriate dish, gives it to the Princess, ENDING the quest",subplot ENDs on found_food but nothing delivers the dish to the Princess
11,B8,1,1,"on finding an appropriate dish, gives it to the Princess, ENDING the quest",
13,B8,-,1,"on finding an appropriate dish, gives it to the Princess, ENDING the quest",
14,B8,1,1,"on finding an appropriate dish, gives it to the Princess, ENDING the quest",
15,B8,2,1,"on finding an appropriate dish, gives it to the Princess, ENDING the quest",
16,B8,-,1,"on finding an appropriate dish, gives it to the Princess, ENDING the quest",
18,B8,1,1,"on finding an appropriate dish, gives it to the Princess, ENDING the quest","gives to the Princess and ENDs, but the subplot is never entered"
20,B8,1,1,"on finding an appropriate dish, gives it to the Princess, ENDING the quest",
21,B8,2,1,"on finding an appropriate dish, gives it to the Princess, ENDING the quest",
6,B9,-,1,"during feast, the Princess can ask the Pretender to dance, starting a Ball",
10,B9,2,1,"during feast, the Princess can ask the Pretender to dance, starting a Ball",
11,B9,1,1,"during feast, the Princess can ask the Pretender to dance, starting a Ball",
13,B9,0,1,"during feast, the Princess can ask the Pretender to dance, starting a Ball","reversed causality: triggers on ball_startd, then asks to dance"
14,B9,1,1,"during feast, the Princess can ask the Pretender to dance, starting a Ball",truncated at cap exactly at WHEN ROLE Princess SIGNALS asked_for_dance:
15,B9,1,1,"during feast, the Princess can ask the Pretender to dance, starting a Ball",PHASE ball and EVENT ball_declared declared; truncated before any wiring
16,B9,1,1,"during feast, the Princess can ask the Pretender to dance, starting a Ball",PHASE ball declared but never entered or used
18,B9,-,1,"during feast, the Princess can ask the Pretender to dance, starting a Ball",
20,B9,2,1,"during feast, the Princess can ask the Pretender to dance, starting a Ball",
21,B9,-,1,"during feast, the Princess can ask the Pretender to dance, starting a Ball",
